Cycle,Task,Start DateTime,End DateTime,Duration,ErrorType,LoggedImageFiles
0,CheckStatus,2024-03-12 06:48:22.000,2024-03-12 06:49:00.598,38.598,InvalidInput,image2.png
0,Maintenance,2024-08-19 02:43:44.000,2024-08-19 02:43:58.669,14.669,FileNotFound,
0,StartOfCycle,2024-05-12 07:32:55.000,2024-05-12 07:33:37.005,42.006,PermissionDenied,
0,Shutdown,2024-09-07 16:58:09.000,2024-09-07 16:59:05.468,56.468,InvalidInput,image2.png
0,EndOfCycle,2024-12-08 05:30:56.000,2024-12-08 05:31:22.131,26.131,NullPointerException,image3.png
0,Shutdown,2024-04-29 03:59:09.000,2024-04-29 03:59:56.519,47.519,ResourceUnavailable,
0,Initialize,2024-10-16 09:02:26.000,2024-10-16 09:03:04.698,38.698,PermissionDenied,
0,Restart,2024-12-03 05:25:54.000,2024-12-03 05:26:26.122,32.122,PermissionDenied,image3.png
0,Initialize,2024-01-21 01:24:53.000,2024-01-21 01:25:49.894,56.895,ResourceUnavailable,image3.png
0,Maintenance,2024-05-01 22:49:21.000,2024-05-01 22:49:43.895,22.895,ConnectionTimeout,
0,ErrorHandling,2024-07-14 10:04:17.000,2024-07-14 10:04:53.462,36.463,NullPointerException,
0,Restart,2024-02-07 20:26:44.000,2024-02-07 20:26:45.013,1.013,FileNotFound,image2.png
0,CheckStatus,2024-11-09 16:56:28.000,2024-11-09 16:56:47.688,19.689,FileNotFound,image3.png
0,Shutdown,2024-07-20 21:30:05.000,2024-07-20 21:30:47.732,42.733,DiskFull,image2.png
0,CheckStatus,2024-06-04 18:01:14.000,2024-06-04 18:01:22.772,8.773,NetworkError,image3.png
0,Restart,2024-08-09 08:59:13.000,2024-08-09 08:59:31.574,18.574,DiskFull,
0,CheckStatus,2024-06-28 08:04:15.000,2024-06-28 08:05:03.859,48.859,FileNotFound,image1.png
0,StartOfCycle,2024-05-04 17:40:33.000,2024-05-04 17:41:06.523,33.523,DiskFull,image2.png
0,ErrorHandling,2024-01-19 00:08:00.000,2024-01-19 00:08:51.402,51.402,FileNotFound,image2.png
0,Initialize,2024-03-08 13:10:02.000,2024-03-08 13:10:05.770,3.77,FileNotFound,image2.png
0,CheckStatus,2024-12-03 22:04:48.000,2024-12-03 22:05:17.825,29.825,InvalidInput,image2.png
0,EndOfCycle,2024-01-17 14:27:30.000,2024-01-17 14:28:18.346,48.346,ResourceUnavailable,image3.png
0,CheckStatus,2024-10-18 15:05:51.000,2024-10-18 15:05:58.797,7.798,NetworkError,
0,Restart,2024-08-17 01:48:10.000,2024-08-17 01:49:06.354,56.354,PermissionDenied,image1.png
0,Initialize,2024-09-12 13:49:47.000,2024-09-12 13:50:18.629,31.63,ResourceUnavailable,
0,ErrorHandling,2024-07-29 16:47:39.000,2024-07-29 16:47:57.595,18.595,InvalidInput,image3.png
0,FullCycle,2024-09-10 16:03:47.000,2024-09-10 16:04:23.678,36.678,PermissionDenied,image3.png
0,Initialize,2024-09-21 06:31:03.000,2024-09-21 06:31:39.495,36.495,InvalidInput,image2.png
0,Maintenance,2024-03-22 09:29:08.000,2024-03-22 09:29:56.889,48.889,InvalidInput,image3.png
0,FullCycle,2024-07-05 08:22:02.000,2024-07-05 08:22:16.509,14.509,NetworkError,image2.png
0,Shutdown,2024-11-28 11:10:48.000,2024-11-28 11:11:26.667,38.667,FileNotFound,image2.png
0,CheckStatus,2024-11-23 02:34:40.000,2024-11-23 02:35:23.415,43.416,InvalidInput,image1.png
0,StartOfCycle,2024-09-10 04:00:21.000,2024-09-10 04:00:21.267,0.267,DiskFull,
0,StartOfCycle,2024-07-15 09:52:00.000,2024-07-15 09:52:17.648,17.649,PermissionDenied,image2.png
0,IsReady,2024-06-09 07:52:43.000,2024-06-09 07:53:20.380,37.38,NetworkError,
0,Maintenance,2024-08-31 01:26:53.000,2024-08-31 01:27:25.521,32.521,InvalidInput,
0,EndOfCycle,2024-12-24 18:55:07.000,2024-12-24 18:55:28.462,21.462,ResourceUnavailable,image3.png
0,EndOfCycle,2024-07-06 16:49:56.000,2024-07-06 16:50:11.946,15.947,NullPointerException,image3.png
0,CheckStatus,2024-12-26 20:31:05.000,2024-12-26 20:31:27.177,22.178,NetworkError,image1.png
1,EndOfCycle,2024-09-27 11:33:59.000,2024-09-27 11:34:19.387,20.387,PermissionDenied,image2.png
1,Restart,2024-06-25 06:22:01.000,2024-06-25 06:22:51.812,50.812,FileNotFound,
1,Shutdown,2024-07-23 13:34:18.000,2024-07-23 13:34:35.939,17.94,PermissionDenied,image3.png
1,FullCycle,2024-03-19 05:31:29.000,2024-03-19 05:32:24.513,55.513,FileNotFound,image1.png
1,Initialize,2024-06-23 00:35:14.000,2024-06-23 00:35:44.349,30.349,ResourceUnavailable,
1,FullCycle,2024-03-15 03:53:17.000,2024-03-15 03:54:12.409,55.409,PermissionDenied,image2.png
1,IsReady,2024-09-28 07:39:39.000,2024-09-28 07:40:30.779,51.779,NullPointerException,image1.png
1,CheckStatus,2024-04-23 12:11:01.000,2024-04-23 12:11:52.921,51.921,InvalidInput,
1,Shutdown,2024-01-11 11:57:04.000,2024-01-11 11:57:24.827,20.828,PermissionDenied,image1.png
1,Maintenance,2024-12-29 04:49:12.000,2024-12-29 04:49:20.104,8.104,NullPointerException,image2.png
1,StartOfCycle,2024-05-31 20:53:42.000,2024-05-31 20:53:52.240,10.24,NetworkError,image1.png
1,IsReady,2024-12-19 05:30:32.000,2024-12-19 05:30:47.686,15.686,PermissionDenied,image1.png
1,FullCycle,2024-04-11 10:06:57.000,2024-04-11 10:07:12.372,15.373,ConnectionTimeout,
1,EndOfCycle,2024-01-08 22:42:31.000,2024-01-08 22:43:19.930,48.93,NetworkError,
1,StartOfCycle,2024-02-09 23:36:24.000,2024-02-09 23:37:19.282,55.282,InvalidInput,image3.png
1,Restart,2024-06-25 12:59:18.000,2024-06-25 12:59:45.835,27.836,InvalidInput,
1,Restart,2024-12-18 04:50:25.000,2024-12-18 04:51:19.111,54.111,PermissionDenied,image2.png
1,CheckStatus,2024-10-14 00:45:56.000,2024-10-14 00:46:46.788,50.789,ResourceUnavailable,image1.png
1,IsReady,2024-01-06 22:49:36.000,2024-01-06 22:50:03.753,27.753,FileNotFound,image3.png
1,Restart,2024-10-20 02:56:56.000,2024-10-20 02:57:03.649,7.65,NullPointerException,
1,ErrorHandling,2024-11-24 09:35:38.000,2024-11-24 09:36:22.331,44.332,FileNotFound,
1,Shutdown,2024-10-29 00:22:15.000,2024-10-29 00:22:59.521,44.521,PermissionDenied,image2.png
1,Maintenance,2024-10-23 02:56:20.000,2024-10-23 02:57:01.716,41.716,OutOfMemory,image1.png
1,CheckStatus,2024-08-11 22:58:17.000,2024-08-11 22:58:50.266,33.267,NullPointerException,
1,Initialize,2024-09-02 02:13:35.000,2024-09-02 02:14:26.102,51.103,NullPointerException,image3.png
1,IsReady,2024-08-18 06:24:20.000,2024-08-18 06:25:17.479,57.479,InvalidInput,image2.png
1,StartOfCycle,2024-12-24 06:15:45.000,2024-12-24 06:16:24.525,39.525,DiskFull,image2.png
1,EndOfCycle,2024-01-08 00:43:42.000,2024-01-08 00:43:56.257,14.257,DiskFull,image3.png
1,Shutdown,2024-11-18 09:50:08.000,2024-11-18 09:51:00.598,52.599,InvalidInput,image3.png
1,Shutdown,2024-03-13 17:56:06.000,2024-03-13 17:56:54.187,48.187,FileNotFound,image2.png
1,StartOfCycle,2024-01-29 15:44:54.000,2024-01-29 15:45:20.401,26.402,DiskFull,image3.png
1,ErrorHandling,2024-07-12 15:02:53.000,2024-07-12 15:03:04.715,11.715,InvalidInput,
1,Maintenance,2024-09-02 17:32:16.000,2024-09-02 17:32:46.589,30.59,ConnectionTimeout,
1,Restart,2024-04-04 03:43:23.000,2024-04-04 03:44:16.589,53.589,NetworkError,image2.png
2,StartOfCycle,2024-03-22 20:55:36.000,2024-03-22 20:55:52.267,16.267,NullPointerException,
2,StartOfCycle,2024-06-07 09:43:41.000,2024-06-07 09:44:36.902,55.902,PermissionDenied,image1.png
2,Shutdown,2024-10-19 10:24:54.000,2024-10-19 10:25:22.954,28.954,FileNotFound,image1.png
2,IsReady,2024-08-03 18:16:12.000,2024-08-03 18:16:51.904,39.904,NullPointerException,
2,Restart,2024-10-31 04:01:33.000,2024-10-31 04:02:04.634,31.635,FileNotFound,image3.png
2,EndOfCycle,2024-04-05 01:36:30.000,2024-04-05 01:37:02.267,32.267,NetworkError,image3.png
2,EndOfCycle,2024-02-29 08:36:41.000,2024-02-29 08:37:35.040,54.041,NullPointerException,image2.png
2,Restart,2024-03-16 11:51:53.000,2024-03-16 11:51:56.006,3.007,OutOfMemory,image1.png
2,Initialize,2024-05-29 21:45:17.000,2024-05-29 21:46:05.176,48.176,NetworkError,image3.png
2,Shutdown,2024-04-01 21:55:58.000,2024-04-01 21:56:37.690,39.691,NetworkError,image2.png
2,CheckStatus,2024-01-03 02:42:10.000,2024-01-03 02:42:55.307,45.307,InvalidInput,image2.png
2,Initialize,2024-04-20 08:32:52.000,2024-04-20 08:33:13.871,21.871,ResourceUnavailable,image1.png
2,CheckStatus,2024-06-19 06:42:01.000,2024-06-19 06:42:17.574,16.575,PermissionDenied,image2.png
2,ErrorHandling,2024-08-06 09:22:59.000,2024-08-06 09:23:29.346,30.347,ResourceUnavailable,image1.png
2,Restart,2024-07-25 18:46:10.000,2024-07-25 18:46:52.458,42.458,NullPointerException,image1.png
2,StartOfCycle,2024-01-21 01:59:50.000,2024-01-21 02:00:47.622,57.622,DiskFull,image2.png
2,Restart,2024-09-26 15:21:39.000,2024-09-26 15:22:17.876,38.876,InvalidInput,
2,FullCycle,2024-05-31 23:25:28.000,2024-05-31 23:26:13.957,45.957,NetworkError,image3.png
2,ErrorHandling,2024-03-08 02:20:41.000,2024-03-08 02:21:23.928,42.928,NullPointerException,image1.png
2,Restart,2024-02-14 12:06:29.000,2024-02-14 12:06:43.014,14.015,NetworkError,image3.png
2,IsReady,2024-07-20 11:17:49.000,2024-07-20 11:18:07.367,18.367,ConnectionTimeout,image1.png
2,IsReady,2024-12-01 22:20:28.000,2024-12-01 22:20:52.497,24.498,OutOfMemory,image1.png
2,FullCycle,2024-10-23 05:16:52.000,2024-10-23 05:17:01.605,9.606,NetworkError,image2.png
2,Maintenance,2024-06-02 16:47:26.000,2024-06-02 16:48:05.599,39.599,NullPointerException,
2,StartOfCycle,2024-05-29 11:28:59.000,2024-05-29 11:29:20.195,21.195,PermissionDenied,image3.png
2,EndOfCycle,2024-12-22 15:58:10.000,2024-12-22 15:58:59.496,49.497,DiskFull,image3.png
2,StartOfCycle,2024-11-19 02:08:44.000,2024-11-19 02:09:19.832,35.833,NetworkError,image3.png
3,Initialize,2024-01-27 05:05:58.000,2024-01-27 05:06:42.014,44.015,InvalidInput,image1.png
3,CheckStatus,2024-10-04 18:01:01.000,2024-10-04 18:01:44.092,43.093,InvalidInput,
3,Maintenance,2024-03-07 05:50:04.000,2024-03-07 05:50:59.630,55.63,InvalidInput,image1.png
3,IsReady,2024-12-27 14:50:13.000,2024-12-27 14:51:01.637,48.638,DiskFull,image1.png
3,IsReady,2024-05-14 13:00:17.000,2024-05-14 13:00:43.490,26.491,NetworkError,image3.png
3,StartOfCycle,2024-04-22 06:28:48.000,2024-04-22 06:29:08.803,20.803,FileNotFound,image1.png
3,Maintenance,2024-05-22 16:27:37.000,2024-05-22 16:28:03.603,26.603,ConnectionTimeout,
3,CheckStatus,2024-09-10 21:40:42.000,2024-09-10 21:41:22.449,40.449,ConnectionTimeout,image3.png
3,Maintenance,2024-12-04 08:59:49.000,2024-12-04 08:59:52.671,3.671,NetworkError,
3,ErrorHandling,2024-10-04 20:48:18.000,2024-10-04 20:48:32.697,14.697,PermissionDenied,image2.png
3,IsReady,2024-10-24 18:34:18.000,2024-10-24 18:35:06.533,48.534,NullPointerException,image3.png
3,Maintenance,2024-05-06 07:36:46.000,2024-05-06 07:37:27.434,41.435,NetworkError,
3,IsReady,2024-12-08 09:59:57.000,2024-12-08 10:00:09.505,12.506,OutOfMemory,image1.png
3,Initialize,2024-09-10 04:44:57.000,2024-09-10 04:45:42.793,45.794,FileNotFound,image2.png
3,IsReady,2024-05-29 02:32:58.000,2024-05-29 02:33:51.171,53.171,PermissionDenied,image2.png
3,FullCycle,2024-08-20 22:08:16.000,2024-08-20 22:08:37.019,21.02,OutOfMemory,image1.png
3,Shutdown,2024-01-25 10:21:45.000,2024-01-25 10:22:20.805,35.806,NetworkError,
3,EndOfCycle,2024-01-17 03:42:50.000,2024-01-17 03:43:11.694,21.695,OutOfMemory,image2.png
3,StartOfCycle,2024-03-06 02:01:45.000,2024-03-06 02:02:21.028,36.029,ConnectionTimeout,image3.png
3,EndOfCycle,2024-04-01 03:51:06.000,2024-04-01 03:51:34.721,28.722,InvalidInput,image2.png
3,FullCycle,2024-01-25 18:52:33.000,2024-01-25 18:52:44.890,11.89,OutOfMemory,image3.png
3,CheckStatus,2024-10-11 01:59:00.000,2024-10-11 01:59:57.723,57.724,ResourceUnavailable,image3.png
3,EndOfCycle,2024-02-16 14:19:22.000,2024-02-16 14:19:39.877,17.878,ResourceUnavailable,image1.png
3,Maintenance,2024-03-28 05:42:32.000,2024-03-28 05:42:47.176,15.177,FileNotFound,image1.png
3,Maintenance,2024-05-19 13:37:05.000,2024-05-19 13:37:48.686,43.687,ResourceUnavailable,
3,CheckStatus,2024-01-23 20:34:18.000,2024-01-23 20:34:18.628,0.628,FileNotFound,image1.png
3,ErrorHandling,2024-09-14 12:23:58.000,2024-09-14 12:24:09.094,11.095,OutOfMemory,image2.png
3,Initialize,2024-05-01 23:11:34.000,2024-05-01 23:12:23.874,49.875,NetworkError,image3.png
3,Restart,2024-10-11 01:28:27.000,2024-10-11 01:28:55.081,28.082,PermissionDenied,image2.png
3,StartOfCycle,2024-05-28 20:25:55.000,2024-05-28 20:26:00.821,5.822,ConnectionTimeout,image2.png
3,EndOfCycle,2024-11-15 06:22:23.000,2024-11-15 06:22:56.695,33.696,DiskFull,image3.png
3,ErrorHandling,2024-10-22 14:49:30.000,2024-10-22 14:50:11.252,41.253,DiskFull,image3.png
3,Shutdown,2024-06-14 04:32:31.000,2024-06-14 04:33:13.234,42.234,FileNotFound,image1.png
4,FullCycle,2024-10-12 11:54:01.000,2024-10-12 11:54:57.420,56.421,PermissionDenied,
4,FullCycle,2024-06-01 23:09:29.000,2024-06-01 23:10:12.016,43.016,FileNotFound,image2.png
4,Restart,2024-02-29 00:37:27.000,2024-02-29 00:37:38.021,11.021,PermissionDenied,image1.png
4,Restart,2024-10-07 12:44:03.000,2024-10-07 12:44:10.813,7.813,DiskFull,image3.png
4,Shutdown,2024-10-31 07:49:42.000,2024-10-31 07:49:59.645,17.645,PermissionDenied,image2.png
4,EndOfCycle,2024-05-24 07:36:40.000,2024-05-24 07:37:07.332,27.333,InvalidInput,image3.png
4,Maintenance,2024-06-03 20:54:49.000,2024-06-03 20:55:36.424,47.425,ConnectionTimeout,image3.png
4,Restart,2024-10-07 15:46:29.000,2024-10-07 15:46:39.328,10.328,PermissionDenied,image3.png
4,Restart,2024-05-11 13:32:46.000,2024-05-11 13:33:41.829,55.83,InvalidInput,image1.png
4,ErrorHandling,2024-07-13 11:02:50.000,2024-07-13 11:02:53.197,3.197,PermissionDenied,image2.png
4,ErrorHandling,2024-01-23 22:09:14.000,2024-01-23 22:09:28.533,14.534,ResourceUnavailable,image1.png
4,Restart,2024-07-21 03:33:38.000,2024-07-21 03:34:16.092,38.092,NullPointerException,
4,Maintenance,2024-06-09 21:05:44.000,2024-06-09 21:05:44.938,0.938,InvalidInput,image3.png
4,Restart,2024-05-05 04:32:01.000,2024-05-05 04:32:22.790,21.79,NullPointerException,image1.png
4,StartOfCycle,2024-05-03 09:39:36.000,2024-05-03 09:40:32.949,56.95,OutOfMemory,image1.png
4,Initialize,2024-08-21 21:42:57.000,2024-08-21 21:43:35.139,38.14,ResourceUnavailable,image3.png
4,EndOfCycle,2024-03-05 16:25:25.000,2024-03-05 16:25:54.720,29.721,DiskFull,image2.png
4,IsReady,2024-03-17 09:44:09.000,2024-03-17 09:45:06.282,57.282,NetworkError,image3.png
4,Restart,2024-12-22 19:07:49.000,2024-12-22 19:08:11.985,22.986,DiskFull,image3.png
4,Initialize,2024-09-01 03:57:08.000,2024-09-01 03:57:08.250,0.251,ResourceUnavailable,
4,EndOfCycle,2024-10-05 01:08:33.000,2024-10-05 01:08:34.231,1.232,PermissionDenied,image2.png
4,Shutdown,2024-07-30 05:57:09.000,2024-07-30 05:57:11.093,2.093,OutOfMemory,image2.png
4,Initialize,2024-08-10 03:06:42.000,2024-08-10 03:06:56.233,14.234,ResourceUnavailable,
4,CheckStatus,2024-07-31 12:31:47.000,2024-07-31 12:32:30.604,43.605,OutOfMemory,image2.png
4,StartOfCycle,2024-02-28 09:28:39.000,2024-02-28 09:29:14.410,35.41,FileNotFound,image2.png
4,CheckStatus,2024-12-24 00:11:41.000,2024-12-24 00:12:05.039,24.04,NetworkError,image1.png
4,EndOfCycle,2024-02-01 03:24:16.000,2024-02-01 03:25:13.393,57.393,DiskFull,image2.png
4,Maintenance,2024-11-24 05:20:10.000,2024-11-24 05:20:16.525,6.525,DiskFull,image1.png
4,StartOfCycle,2024-04-10 17:55:41.000,2024-04-10 17:56:26.499,45.499,ConnectionTimeout,image2.png
4,FullCycle,2024-05-28 21:16:39.000,2024-05-28 21:17:13.865,34.866,FileNotFound,image2.png
4,CheckStatus,2024-03-31 02:33:29.000,2024-03-31 02:33:31.208,2.209,DiskFull,image1.png
4,Maintenance,2024-12-21 20:38:51.000,2024-12-21 20:39:43.369,52.37,NetworkError,
4,Maintenance,2024-04-04 04:46:58.000,2024-04-04 04:47:42.994,44.994,FileNotFound,image2.png
4,IsReady,2024-11-14 01:34:03.000,2024-11-14 01:34:52.562,49.563,ConnectionTimeout,image2.png
5,Maintenance,2024-05-30 07:21:14.000,2024-05-30 07:21:32.844,18.844,ResourceUnavailable,image1.png
5,IsReady,2024-11-25 11:29:54.000,2024-11-25 11:29:59.510,5.511,DiskFull,image3.png
5,Restart,2024-01-16 15:57:25.000,2024-01-16 15:58:24.363,59.364,DiskFull,image3.png
5,FullCycle,2024-04-23 02:15:09.000,2024-04-23 02:15:52.947,43.948,FileNotFound,image3.png
5,ErrorHandling,2024-07-31 07:37:45.000,2024-07-31 07:38:44.442,59.443,ResourceUnavailable,
5,Maintenance,2024-06-17 20:47:08.000,2024-06-17 20:47:53.923,45.923,NullPointerException,image1.png
5,Maintenance,2024-03-08 23:22:04.000,2024-03-08 23:22:21.725,17.725,OutOfMemory,image2.png
5,EndOfCycle,2024-02-14 00:30:29.000,2024-02-14 00:30:55.874,26.875,NullPointerException,image2.png
5,Initialize,2024-06-29 14:16:00.000,2024-06-29 14:16:35.661,35.662,OutOfMemory,image2.png
5,Shutdown,2024-11-01 23:24:15.000,2024-11-01 23:24:56.204,41.204,PermissionDenied,
5,CheckStatus,2024-09-24 08:33:40.000,2024-09-24 08:34:20.835,40.835,DiskFull,image3.png
5,EndOfCycle,2024-09-30 14:13:34.000,2024-09-30 14:13:38.133,4.134,ConnectionTimeout,image3.png
5,EndOfCycle,2024-04-20 16:48:48.000,2024-04-20 16:49:02.994,14.995,InvalidInput,
5,Initialize,2024-02-21 13:07:52.000,2024-02-21 13:08:07.162,15.162,NullPointerException,image2.png
5,StartOfCycle,2024-06-10 03:10:52.000,2024-06-10 03:11:51.463,59.464,OutOfMemory,image3.png
5,Initialize,2024-04-06 10:09:04.000,2024-04-06 10:09:04.788,0.788,PermissionDenied,image2.png
5,Shutdown,2024-06-17 12:51:22.000,2024-06-17 12:51:48.862,26.863,NullPointerException,image3.png
5,StartOfCycle,2024-01-04 20:02:17.000,2024-01-04 20:02:49.573,32.573,ConnectionTimeout,image1.png
5,Shutdown,2024-11-15 05:02:11.000,2024-11-15 05:03:02.486,51.486,DiskFull,image2.png
5,EndOfCycle,2024-12-15 11:34:28.000,2024-12-15 11:35:07.347,39.348,InvalidInput,image1.png
5,Maintenance,2024-04-21 20:52:38.000,2024-04-21 20:52:50.057,12.057,NullPointerException,image1.png
5,IsReady,2024-03-29 17:04:05.000,2024-03-29 17:04:23.101,18.101,NetworkError,image2.png
5,Restart,2024-04-08 05:38:05.000,2024-04-08 05:38:15.165,10.166,NullPointerException,image2.png
5,FullCycle,2024-01-16 23:54:56.000,2024-01-16 23:55:13.266,17.266,DiskFull,
5,Maintenance,2024-06-08 02:06:02.000,2024-06-08 02:06:42.112,40.112,NullPointerException,image2.png
5,Maintenance,2024-12-17 13:40:25.000,2024-12-17 13:40:25.661,0.662,FileNotFound,image2.png
5,Shutdown,2024-06-30 06:28:02.000,2024-06-30 06:28:48.122,46.122,FileNotFound,
5,FullCycle,2024-04-08 19:30:07.000,2024-04-08 19:30:12.035,5.036,InvalidInput,image3.png
5,CheckStatus,2024-01-11 00:43:13.000,2024-01-11 00:43:29.584,16.585,DiskFull,
5,Maintenance,2024-08-03 20:30:47.000,2024-08-03 20:31:30.661,43.661,OutOfMemory,image3.png
5,EndOfCycle,2024-02-15 06:40:31.000,2024-02-15 06:41:00.185,29.186,OutOfMemory,image3.png
5,Initialize,2024-11-09 14:03:34.000,2024-11-09 14:04:27.221,53.222,OutOfMemory,image3.png
6,IsReady,2024-11-11 07:49:26.000,2024-11-11 07:50:03.262,37.262,ConnectionTimeout,image2.png
6,Initialize,2024-03-21 15:30:44.000,2024-03-21 15:31:40.719,56.719,PermissionDenied,image3.png
6,CheckStatus,2024-06-19 19:47:46.000,2024-06-19 19:48:16.036,30.037,FileNotFound,image1.png
6,IsReady,2024-11-10 03:33:11.000,2024-11-10 03:33:14.147,3.148,ConnectionTimeout,
6,IsReady,2024-09-20 10:04:40.000,2024-09-20 10:05:30.805,50.805,InvalidInput,image1.png
6,Shutdown,2024-11-19 23:22:23.000,2024-11-19 23:22:59.575,36.575,InvalidInput,
6,ErrorHandling,2024-06-23 22:17:35.000,2024-06-23 22:18:11.608,36.609,PermissionDenied,image2.png
6,ErrorHandling,2024-04-18 23:41:40.000,2024-04-18 23:41:51.603,11.604,DiskFull,image3.png
6,FullCycle,2024-08-28 08:33:36.000,2024-08-28 08:34:03.765,27.766,OutOfMemory,image1.png
6,StartOfCycle,2024-11-30 08:21:47.000,2024-11-30 08:21:53.998,6.998,NullPointerException,image1.png
6,CheckStatus,2024-12-13 11:51:04.000,2024-12-13 11:51:15.987,11.987,InvalidInput,image2.png
6,Maintenance,2024-09-15 02:41:03.000,2024-09-15 02:41:47.520,44.52,ConnectionTimeout,image1.png
6,FullCycle,2024-07-27 08:11:58.000,2024-07-27 08:12:49.576,51.577,FileNotFound,image2.png
6,StartOfCycle,2024-01-02 05:49:40.000,2024-01-02 05:50:32.866,52.866,FileNotFound,
6,ErrorHandling,2024-09-22 19:36:44.000,2024-09-22 19:36:58.957,14.957,FileNotFound,
6,EndOfCycle,2024-08-01 18:04:41.000,2024-08-01 18:04:49.284,8.285,OutOfMemory,image2.png
6,Initialize,2024-02-17 03:29:10.000,2024-02-17 03:29:48.882,38.882,NetworkError,
6,CheckStatus,2024-01-22 06:34:19.000,2024-01-22 06:35:13.203,54.203,DiskFull,image2.png
6,IsReady,2024-03-10 09:14:31.000,2024-03-10 09:15:21.982,50.982,InvalidInput,image1.png
6,Maintenance,2024-02-09 21:09:04.000,2024-02-09 21:09:20.236,16.236,InvalidInput,
6,EndOfCycle,2024-06-10 14:33:15.000,2024-06-10 14:33:32.014,17.014,NullPointerException,image1.png
6,CheckStatus,2024-12-21 15:31:16.000,2024-12-21 15:32:02.118,46.119,PermissionDenied,
6,FullCycle,2024-07-01 13:36:40.000,2024-07-01 13:37:00.231,20.232,PermissionDenied,image2.png
6,EndOfCycle,2024-02-25 16:08:16.000,2024-02-25 16:08:31.090,15.09,InvalidInput,image2.png
6,CheckStatus,2024-03-06 19:15:39.000,2024-03-06 19:15:49.079,10.079,NullPointerException,
6,FullCycle,2024-11-05 03:43:20.000,2024-11-05 03:44:05.927,45.927,NetworkError,image1.png
6,FullCycle,2024-07-15 20:07:02.000,2024-07-15 20:07:34.211,32.211,ResourceUnavailable,image1.png
7,FullCycle,2024-10-15 17:58:28.000,2024-10-15 17:59:01.654,33.654,ResourceUnavailable,image1.png
7,StartOfCycle,2024-10-29 04:06:35.000,2024-10-29 04:07:24.110,49.11,NullPointerException,
7,Initialize,2024-05-15 15:14:56.000,2024-05-15 15:15:12.993,16.994,FileNotFound,image1.png
7,CheckStatus,2024-01-30 10:34:02.000,2024-01-30 10:34:14.491,12.492,PermissionDenied,image1.png
7,CheckStatus,2024-06-03 04:57:42.000,2024-06-03 04:57:49.416,7.417,ResourceUnavailable,image2.png
7,Restart,2024-09-24 03:33:47.000,2024-09-24 03:34:13.037,26.037,DiskFull,image1.png
7,Restart,2024-12-03 03:39:15.000,2024-12-03 03:39:18.004,3.005,InvalidInput,image1.png
7,IsReady,2024-11-06 22:23:14.000,2024-11-06 22:23:38.836,24.837,ResourceUnavailable,image3.png
7,CheckStatus,2024-04-29 17:42:34.000,2024-04-29 17:43:11.235,37.236,ResourceUnavailable,image1.png
7,ErrorHandling,2024-01-05 14:32:54.000,2024-01-05 14:33:15.181,21.182,FileNotFound,image3.png
7,ErrorHandling,2024-10-21 10:14:38.000,2024-10-21 10:15:37.290,59.291,InvalidInput,
7,IsReady,2024-11-07 07:51:50.000,2024-11-07 07:52:07.021,17.022,PermissionDenied,image1.png
7,Initialize,2024-09-02 06:53:44.000,2024-09-02 06:54:14.705,30.705,DiskFull,
7,EndOfCycle,2024-03-21 13:04:14.000,2024-03-21 13:04:44.705,30.705,FileNotFound,
7,StartOfCycle,2024-07-02 03:25:27.000,2024-07-02 03:25:43.196,16.197,FileNotFound,image2.png
7,Initialize,2024-07-10 11:30:06.000,2024-07-10 11:30:37.551,31.552,NetworkError,image2.png
7,StartOfCycle,2024-08-11 06:27:12.000,2024-08-11 06:28:02.698,50.698,OutOfMemory,image3.png
7,ErrorHandling,2024-01-24 06:20:31.000,2024-01-24 06:21:03.202,32.203,NullPointerException,
7,EndOfCycle,2024-11-24 10:03:37.000,2024-11-24 10:04:06.658,29.659,FileNotFound,image1.png
7,Initialize,2024-01-24 04:55:43.000,2024-01-24 04:55:46.551,3.552,ResourceUnavailable,image1.png
7,EndOfCycle,2024-06-08 06:37:28.000,2024-06-08 06:38:08.806,40.806,InvalidInput,
7,Initialize,2024-09-20 10:36:21.000,2024-09-20 10:36:22.095,1.096,OutOfMemory,
7,IsReady,2024-10-25 20:08:52.000,2024-10-25 20:08:56.067,4.067,ConnectionTimeout,
7,Initialize,2024-05-30 19:30:30.000,2024-05-30 19:30:43.759,13.759,InvalidInput,image1.png
7,CheckStatus,2024-09-08 12:30:35.000,2024-09-08 12:31:14.199,39.199,NetworkError,image2.png
7,Shutdown,2024-04-20 20:14:11.000,2024-04-20 20:15:02.108,51.108,PermissionDenied,
7,Restart,2024-03-26 16:45:19.000,2024-03-26 16:45:22.425,3.425,PermissionDenied,image2.png
7,IsReady,2024-11-09 09:36:36.000,2024-11-09 09:36:41.678,5.678,PermissionDenied,image2.png
7,CheckStatus,2024-08-10 02:12:54.000,2024-08-10 02:13:15.498,21.498,OutOfMemory,image3.png
7,FullCycle,2024-03-02 12:22:16.000,2024-03-02 12:22:47.472,31.472,DiskFull,
7,EndOfCycle,2024-09-12 15:22:42.000,2024-09-12 15:23:36.581,54.581,FileNotFound,image3.png
7,FullCycle,2024-08-23 07:18:09.000,2024-08-23 07:18:30.401,21.401,InvalidInput,image2.png
7,FullCycle,2024-04-15 04:21:52.000,2024-04-15 04:22:46.622,54.622,NullPointerException,image2.png
8,Shutdown,2024-02-10 11:23:09.000,2024-02-10 11:23:39.761,30.761,FileNotFound,image1.png
8,Maintenance,2024-12-06 20:55:44.000,2024-12-06 20:56:43.451,59.451,PermissionDenied,
8,FullCycle,2024-11-04 04:25:06.000,2024-11-04 04:25:10.077,4.077,OutOfMemory,image2.png
8,CheckStatus,2024-03-07 10:08:29.000,2024-03-07 10:08:36.702,7.702,FileNotFound,
8,Restart,2024-06-14 23:49:10.000,2024-06-14 23:49:26.235,16.236,FileNotFound,image2.png
8,Restart,2024-09-10 08:21:03.000,2024-09-10 08:21:18.468,15.469,NullPointerException,
8,IsReady,2024-08-29 03:32:56.000,2024-08-29 03:33:48.194,52.194,OutOfMemory,image1.png
8,StartOfCycle,2024-01-30 08:27:30.000,2024-01-30 08:27:45.583,15.584,DiskFull,image3.png
8,Shutdown,2024-05-17 07:29:30.000,2024-05-17 07:29:32.149,2.149,ResourceUnavailable,image3.png
8,ErrorHandling,2024-10-30 03:41:03.000,2024-10-30 03:41:46.264,43.264,DiskFull,image1.png
8,ErrorHandling,2024-08-06 17:57:27.000,2024-08-06 17:57:43.418,16.418,NullPointerException,
8,Maintenance,2024-05-07 10:51:04.000,2024-05-07 10:51:56.513,52.514,NetworkError,image3.png
8,Initialize,2024-06-13 22:55:00.000,2024-06-13 22:55:12.067,12.068,PermissionDenied,image3.png
8,Initialize,2024-02-13 19:10:15.000,2024-02-13 19:10:35.008,20.009,InvalidInput,image3.png
8,Restart,2024-06-13 00:14:30.000,2024-06-13 00:14:55.379,25.38,NullPointerException,image2.png
8,ErrorHandling,2024-10-29 21:43:07.000,2024-10-29 21:43:44.262,37.262,FileNotFound,image1.png
8,Shutdown,2024-12-26 19:55:56.000,2024-12-26 19:56:26.749,30.75,NetworkError,image2.png
8,StartOfCycle,2024-08-05 08:09:56.000,2024-08-05 08:09:58.298,2.299,ResourceUnavailable,image3.png
8,Initialize,2024-05-23 05:33:05.000,2024-05-23 05:33:45.537,40.538,NetworkError,image3.png
8,StartOfCycle,2024-06-22 10:28:16.000,2024-06-22 10:28:56.862,40.863,DiskFull,
8,Maintenance,2024-10-04 17:48:00.000,2024-10-04 17:48:23.013,23.013,ResourceUnavailable,
8,FullCycle,2024-02-19 20:59:59.000,2024-02-19 21:00:42.795,43.796,ConnectionTimeout,image2.png
8,StartOfCycle,2024-10-10 22:23:34.000,2024-10-10 22:24:29.969,55.97,ConnectionTimeout,image3.png
8,Initialize,2024-07-31 09:53:44.000,2024-07-31 09:53:55.948,11.948,OutOfMemory,
8,FullCycle,2024-07-26 06:37:03.000,2024-07-26 06:37:37.740,34.74,FileNotFound,image3.png
9,IsReady,2024-08-24 03:53:59.000,2024-08-24 03:54:18.638,19.639,InvalidInput,image2.png
9,Restart,2024-08-30 01:30:32.000,2024-08-30 01:30:59.966,27.966,InvalidInput,image2.png
9,Initialize,2024-11-21 04:16:42.000,2024-11-21 04:17:15.492,33.492,FileNotFound,image2.png
9,Shutdown,2024-10-04 05:35:40.000,2024-10-04 05:35:44.087,4.088,OutOfMemory,
9,StartOfCycle,2024-10-20 21:24:56.000,2024-10-20 21:25:53.520,57.521,NullPointerException,image1.png
9,CheckStatus,2024-10-05 21:00:05.000,2024-10-05 21:00:14.849,9.85,ConnectionTimeout,
9,StartOfCycle,2024-06-02 04:19:30.000,2024-06-02 04:19:44.218,14.218,ResourceUnavailable,image1.png
9,Shutdown,2024-06-01 13:48:53.000,2024-06-01 13:49:27.223,34.224,PermissionDenied,image1.png
9,ErrorHandling,2024-02-15 11:09:29.000,2024-02-15 11:09:59.789,30.789,NullPointerException,
9,ErrorHandling,2024-08-31 19:29:45.000,2024-08-31 19:30:16.657,31.657,DiskFull,image1.png
9,Restart,2024-10-26 19:29:36.000,2024-10-26 19:29:55.516,19.517,OutOfMemory,image3.png
9,Restart,2024-02-19 11:26:21.000,2024-02-19 11:26:32.368,11.369,PermissionDenied,image2.png
9,Shutdown,2024-02-25 01:27:02.000,2024-02-25 01:27:12.004,10.004,ResourceUnavailable,image1.png
9,FullCycle,2024-05-25 23:21:36.000,2024-05-25 23:21:45.368,9.368,DiskFull,
9,Restart,2024-05-22 10:04:41.000,2024-05-22 10:04:42.491,1.492,InvalidInput,image3.png
9,ErrorHandling,2024-06-12 00:31:51.000,2024-06-12 00:32:10.101,19.102,NullPointerException,
9,CheckStatus,2024-06-24 09:57:08.000,2024-06-24 09:57:45.579,37.58,InvalidInput,image3.png
9,StartOfCycle,2024-09-24 16:48:59.000,2024-09-24 16:49:12.935,13.936,OutOfMemory,image2.png
9,StartOfCycle,2024-07-02 21:41:50.000,2024-07-02 21:42:27.908,37.909,ConnectionTimeout,image2.png
9,Restart,2024-05-05 06:45:26.000,2024-05-05 06:45:34.159,8.159,FileNotFound,image3.png
9,IsReady,2024-08-09 17:00:55.000,2024-08-09 17:00:58.746,3.747,ResourceUnavailable,image2.png
9,Maintenance,2024-08-24 20:10:16.000,2024-08-24 20:10:57.091,41.092,NetworkError,image2.png
9,IsReady,2024-01-18 07:08:00.000,2024-01-18 07:08:15.951,15.952,OutOfMemory,image3.png
9,Shutdown,2024-11-04 12:13:03.000,2024-11-04 12:13:58.783,55.783,NullPointerException,image2.png
9,Restart,2024-12-29 19:34:38.000,2024-12-29 19:34:56.544,18.545,InvalidInput,image1.png
9,ErrorHandling,2024-03-08 01:30:51.000,2024-03-08 01:31:42.972,51.972,ResourceUnavailable,image2.png
9,CheckStatus,2024-04-20 04:41:21.000,2024-04-20 04:41:37.112,16.112,ResourceUnavailable,image2.png
9,EndOfCycle,2024-07-23 15:23:40.000,2024-07-23 15:24:16.043,36.044,FileNotFound,image2.png
9,Maintenance,2024-01-16 02:33:08.000,2024-01-16 02:33:23.392,15.392,OutOfMemory,image3.png
9,Shutdown,2024-07-23 23:16:46.000,2024-07-23 23:17:24.105,38.105,NetworkError,image2.png
9,CheckStatus,2024-06-18 14:24:01.000,2024-06-18 14:24:35.679,34.68,ResourceUnavailable,image3.png
9,Restart,2024-07-24 09:01:34.000,2024-07-24 09:02:11.995,37.996,OutOfMemory,image1.png
9,Restart,2024-06-24 01:34:41.000,2024-06-24 01:35:02.456,21.457,NullPointerException,image2.png
9,FullCycle,2024-06-19 13:58:08.000,2024-06-19 13:58:46.549,38.549,FileNotFound,image2.png
9,Maintenance,2024-04-13 17:24:05.000,2024-04-13 17:24:11.479,6.479,PermissionDenied,image3.png
9,Maintenance,2024-06-21 02:58:02.000,2024-06-21 02:58:17.852,15.852,NetworkError,image2.png
9,StartOfCycle,2024-08-30 12:16:57.000,2024-08-30 12:17:42.525,45.526,PermissionDenied,image1.png
10,StartOfCycle,2024-01-10 08:04:57.000,2024-01-10 08:05:05.395,8.396,FileNotFound,image3.png
10,CheckStatus,2024-07-30 15:49:44.000,2024-07-30 15:50:01.369,17.369,NetworkError,image3.png
10,EndOfCycle,2024-09-07 05:34:15.000,2024-09-07 05:35:00.292,45.293,OutOfMemory,image2.png
10,EndOfCycle,2024-04-07 03:24:56.000,2024-04-07 03:25:18.419,22.419,PermissionDenied,
10,Restart,2024-10-01 03:31:49.000,2024-10-01 03:32:21.752,32.752,InvalidInput,image2.png
10,IsReady,2024-02-15 17:58:03.000,2024-02-15 17:58:22.910,19.911,ResourceUnavailable,
10,Maintenance,2024-03-04 04:30:27.000,2024-03-04 04:31:00.671,33.672,NullPointerException,image3.png
10,Maintenance,2024-10-13 05:57:09.000,2024-10-13 05:57:27.621,18.622,InvalidInput,image1.png
10,FullCycle,2024-07-12 13:14:48.000,2024-07-12 13:15:06.497,18.498,DiskFull,image2.png
10,EndOfCycle,2024-12-02 11:42:43.000,2024-12-02 11:42:44.350,1.35,ResourceUnavailable,
10,IsReady,2024-01-13 13:50:00.000,2024-01-13 13:50:46.200,46.201,ConnectionTimeout,image1.png
10,ErrorHandling,2024-05-17 22:30:11.000,2024-05-17 22:31:05.435,54.436,NetworkError,image2.png
10,Shutdown,2024-10-12 00:31:31.000,2024-10-12 00:32:06.411,35.411,FileNotFound,image3.png
10,ErrorHandling,2024-07-26 16:06:58.000,2024-07-26 16:07:09.573,11.574,OutOfMemory,image1.png
10,FullCycle,2024-01-06 06:29:25.000,2024-01-06 06:30:00.937,35.938,InvalidInput,
10,Shutdown,2024-06-01 11:19:55.000,2024-06-01 11:20:12.387,17.387,DiskFull,image3.png
10,Maintenance,2024-06-29 14:28:20.000,2024-06-29 14:28:46.246,26.247,ResourceUnavailable,image1.png
10,ErrorHandling,2024-04-02 22:32:34.000,2024-04-02 22:32:36.569,2.57,NullPointerException,image1.png
10,ErrorHandling,2024-05-19 20:31:29.000,2024-05-19 20:32:04.798,35.798,ResourceUnavailable,image3.png
10,StartOfCycle,2024-09-25 10:27:05.000,2024-09-25 10:27:51.300,46.3,ResourceUnavailable,image1.png
10,CheckStatus,2024-07-14 02:52:03.000,2024-07-14 02:52:19.517,16.517,ResourceUnavailable,image2.png
10,Maintenance,2024-10-06 21:53:46.000,2024-10-06 21:54:34.542,48.542,OutOfMemory,image2.png
10,Maintenance,2024-07-04 12:50:35.000,2024-07-04 12:51:32.544,57.545,OutOfMemory,
10,CheckStatus,2024-03-22 09:35:27.000,2024-03-22 09:36:11.620,44.621,NullPointerException,image3.png
10,StartOfCycle,2024-05-23 00:12:44.000,2024-05-23 00:13:31.915,47.916,PermissionDenied,image1.png
10,StartOfCycle,2024-08-12 20:21:19.000,2024-08-12 20:21:24.640,5.64,ResourceUnavailable,image2.png
10,Shutdown,2024-02-01 16:42:02.000,2024-02-01 16:42:31.415,29.415,ConnectionTimeout,image2.png
10,Shutdown,2024-10-05 09:13:43.000,2024-10-05 09:14:30.896,47.897,InvalidInput,image3.png
10,FullCycle,2024-09-15 00:33:03.000,2024-09-15 00:33:21.322,18.322,ConnectionTimeout,image3.png
10,IsReady,2024-07-27 17:55:30.000,2024-07-27 17:55:46.440,16.441,ConnectionTimeout,image3.png
10,ErrorHandling,2024-10-24 04:16:42.000,2024-10-24 04:17:38.847,56.848,OutOfMemory,image2.png
10,ErrorHandling,2024-07-21 13:01:27.000,2024-07-21 13:02:05.044,38.044,OutOfMemory,image3.png
10,Maintenance,2024-12-29 11:31:44.000,2024-12-29 11:32:42.952,58.953,DiskFull,image2.png
10,EndOfCycle,2024-05-28 13:30:46.000,2024-05-28 13:31:12.150,26.15,OutOfMemory,
10,Restart,2024-06-10 09:54:57.000,2024-06-10 09:55:05.948,8.948,ResourceUnavailable,image3.png
10,Initialize,2024-02-22 06:38:48.000,2024-02-22 06:39:46.770,58.771,NullPointerException,image2.png
11,StartOfCycle,2024-09-05 09:12:15.000,2024-09-05 09:13:11.077,56.077,DiskFull,image2.png
11,Shutdown,2024-11-12 12:51:01.000,2024-11-12 12:51:57.596,56.597,FileNotFound,image1.png
11,ErrorHandling,2024-08-03 07:27:38.000,2024-08-03 07:28:07.954,29.955,InvalidInput,image3.png
11,EndOfCycle,2024-08-17 01:46:02.000,2024-08-17 01:46:51.219,49.219,InvalidInput,image1.png
11,IsReady,2024-04-01 02:05:20.000,2024-04-01 02:05:42.800,22.801,FileNotFound,image1.png
11,ErrorHandling,2024-09-24 05:23:47.000,2024-09-24 05:24:46.889,59.889,PermissionDenied,image1.png
11,Restart,2024-06-20 15:49:26.000,2024-06-20 15:49:42.043,16.043,NetworkError,
11,Initialize,2024-11-22 11:03:11.000,2024-11-22 11:03:35.136,24.137,PermissionDenied,image1.png
11,Restart,2024-10-01 14:08:13.000,2024-10-01 14:08:58.990,45.991,ResourceUnavailable,image2.png
11,FullCycle,2024-01-04 22:12:49.000,2024-01-04 22:13:09.145,20.146,InvalidInput,
11,StartOfCycle,2024-11-05 16:31:38.000,2024-11-05 16:32:09.067,31.067,ConnectionTimeout,image2.png
11,ErrorHandling,2024-03-17 00:33:35.000,2024-03-17 00:33:47.314,12.315,NullPointerException,image3.png
11,IsReady,2024-04-27 03:55:03.000,2024-04-27 03:56:00.745,57.746,InvalidInput,
11,Initialize,2024-10-28 03:12:57.000,2024-10-28 03:13:51.014,54.015,OutOfMemory,image2.png
11,CheckStatus,2024-01-23 03:29:48.000,2024-01-23 03:30:37.648,49.648,OutOfMemory,
11,Initialize,2024-09-04 05:43:54.000,2024-09-04 05:44:15.197,21.197,InvalidInput,image2.png
11,IsReady,2024-01-08 03:46:10.000,2024-01-08 03:46:42.888,32.888,NetworkError,image3.png
11,ErrorHandling,2024-04-18 07:30:57.000,2024-04-18 07:31:25.163,28.163,NullPointerException,
11,FullCycle,2024-09-13 01:57:10.000,2024-09-13 01:57:57.759,47.759,NullPointerException,image2.png
11,Maintenance,2024-01-01 04:39:31.000,2024-01-01 04:39:56.506,25.506,ConnectionTimeout,image2.png
11,Restart,2024-09-30 07:32:21.000,2024-09-30 07:32:43.335,22.336,NetworkError,image3.png
11,ErrorHandling,2024-01-29 04:09:59.000,2024-01-29 04:10:50.770,51.771,PermissionDenied,image3.png
11,IsReady,2024-08-17 04:24:10.000,2024-08-17 04:24:30.774,20.774,OutOfMemory,
11,Initialize,2024-09-01 06:29:27.000,2024-09-01 06:29:34.855,7.855,ResourceUnavailable,image1.png
11,EndOfCycle,2024-09-27 12:33:32.000,2024-09-27 12:33:38.467,6.467,DiskFull,
11,CheckStatus,2024-10-25 12:44:29.000,2024-10-25 12:45:13.627,44.627,FileNotFound,image2.png
11,StartOfCycle,2024-11-27 23:13:36.000,2024-11-27 23:14:22.863,46.864,InvalidInput,
11,StartOfCycle,2024-04-05 13:08:38.000,2024-04-05 13:09:23.194,45.195,NullPointerException,image3.png
11,Initialize,2024-03-07 04:00:39.000,2024-03-07 04:00:44.999,5.999,FileNotFound,
11,StartOfCycle,2024-07-31 02:14:52.000,2024-07-31 02:15:28.048,36.048,FileNotFound,image1.png
11,Initialize,2024-04-10 19:23:04.000,2024-04-10 19:23:18.176,14.176,DiskFull,image1.png
11,Initialize,2024-08-10 02:33:20.000,2024-08-10 02:33:50.691,30.691,FileNotFound,image2.png
11,StartOfCycle,2024-04-10 09:57:27.000,2024-04-10 09:57:33.020,6.021,DiskFull,image2.png
11,Maintenance,2024-11-15 18:09:31.000,2024-11-15 18:10:18.952,47.953,OutOfMemory,image3.png
11,ErrorHandling,2024-07-02 14:13:48.000,2024-07-02 14:14:12.429,24.43,DiskFull,image1.png
11,IsReady,2024-10-07 18:47:50.000,2024-10-07 18:48:16.307,26.307,ConnectionTimeout,image3.png
11,Restart,2024-06-28 12:01:38.000,2024-06-28 12:02:05.002,27.002,NetworkError,
11,StartOfCycle,2024-06-08 10:01:52.000,2024-06-08 10:02:39.325,47.325,ConnectionTimeout,image1.png
11,Shutdown,2024-06-09 05:00:28.000,2024-06-09 05:00:30.440,2.44,InvalidInput,
11,IsReady,2024-02-23 10:26:01.000,2024-02-23 10:26:04.482,3.483,NetworkError,image3.png
12,ErrorHandling,2024-10-14 14:38:31.000,2024-10-14 14:38:40.458,9.459,DiskFull,image3.png
12,Maintenance,2024-07-08 20:10:21.000,2024-07-08 20:10:34.639,13.639,ConnectionTimeout,image3.png
12,Maintenance,2024-04-08 13:56:24.000,2024-04-08 13:56:41.234,17.234,DiskFull,image3.png
12,CheckStatus,2024-03-10 06:42:59.000,2024-03-10 06:43:49.416,50.416,DiskFull,image3.png
12,Initialize,2024-06-13 01:00:56.000,2024-06-13 01:01:50.451,54.452,InvalidInput,
12,Initialize,2024-07-21 15:09:53.000,2024-07-21 15:10:10.331,17.332,NetworkError,image1.png
12,EndOfCycle,2024-07-27 00:53:28.000,2024-07-27 00:54:16.848,48.848,FileNotFound,image2.png
12,Initialize,2024-12-29 22:22:33.000,2024-12-29 22:23:11.516,38.517,NullPointerException,
12,CheckStatus,2024-11-04 23:32:03.000,2024-11-04 23:32:54.609,51.61,NetworkError,image3.png
12,FullCycle,2024-04-07 00:45:48.000,2024-04-07 00:46:33.210,45.21,InvalidInput,image3.png
12,CheckStatus,2024-12-07 00:14:56.000,2024-12-07 00:15:30.301,34.301,DiskFull,image3.png
12,FullCycle,2024-10-11 09:47:26.000,2024-10-11 09:48:11.424,45.425,FileNotFound,image2.png
12,Initialize,2024-01-31 18:31:08.000,2024-01-31 18:32:01.879,53.88,InvalidInput,
12,Shutdown,2024-07-15 02:54:37.000,2024-07-15 02:55:08.943,31.943,ResourceUnavailable,image2.png
12,ErrorHandling,2024-03-10 08:05:21.000,2024-03-10 08:06:07.980,46.981,PermissionDenied,
12,Shutdown,2024-07-05 01:33:06.000,2024-07-05 01:34:04.108,58.109,ResourceUnavailable,image1.png
12,CheckStatus,2024-01-26 18:27:25.000,2024-01-26 18:27:39.659,14.659,FileNotFound,
12,CheckStatus,2024-07-19 18:11:56.000,2024-07-19 18:12:30.487,34.488,DiskFull,
12,CheckStatus,2024-03-12 18:26:47.000,2024-03-12 18:27:18.864,31.864,OutOfMemory,
12,Initialize,2024-11-27 06:49:21.000,2024-11-27 06:49:41.587,20.588,FileNotFound,image1.png
12,Maintenance,2024-11-13 05:23:01.000,2024-11-13 05:23:42.518,41.518,NetworkError,image3.png
12,Shutdown,2024-11-20 17:00:23.000,2024-11-20 17:01:03.064,40.065,NullPointerException,image2.png
12,CheckStatus,2024-06-13 12:34:36.000,2024-06-13 12:35:02.343,26.343,NetworkError,image2.png
12,FullCycle,2024-08-10 23:24:54.000,2024-08-10 23:25:53.342,59.342,OutOfMemory,image1.png
12,EndOfCycle,2024-12-06 21:22:24.000,2024-12-06 21:22:25.181,1.181,NullPointerException,image1.png
13,StartOfCycle,2024-07-28 06:19:55.000,2024-07-28 06:20:11.266,16.267,ResourceUnavailable,image1.png
13,Initialize,2024-04-03 13:30:09.000,2024-04-03 13:30:52.242,43.242,ConnectionTimeout,image3.png
13,IsReady,2024-07-12 00:29:54.000,2024-07-12 00:30:37.441,43.442,NetworkError,image1.png
13,EndOfCycle,2024-12-06 09:05:40.000,2024-12-06 09:05:52.869,12.869,NullPointerException,image3.png
13,Initialize,2024-07-25 19:57:01.000,2024-07-25 19:57:09.492,8.493,OutOfMemory,
13,Restart,2024-03-26 06:59:00.000,2024-03-26 06:59:47.876,47.877,NullPointerException,
13,CheckStatus,2024-05-28 11:12:13.000,2024-05-28 11:12:36.018,23.018,FileNotFound,
13,Shutdown,2024-11-07 22:18:44.000,2024-11-07 22:19:15.659,31.66,OutOfMemory,
13,Restart,2024-09-15 19:49:05.000,2024-09-15 19:49:40.881,35.881,OutOfMemory,image3.png
13,Shutdown,2024-02-03 21:48:13.000,2024-02-03 21:49:04.336,51.336,OutOfMemory,
13,EndOfCycle,2024-12-31 06:01:09.000,2024-12-31 06:01:42.385,33.385,FileNotFound,image1.png
13,IsReady,2024-06-25 02:54:59.000,2024-06-25 02:55:09.586,10.587,ResourceUnavailable,image2.png
13,StartOfCycle,2024-04-26 13:41:07.000,2024-04-26 13:41:07.019,0.019,PermissionDenied,
13,Shutdown,2024-01-31 07:56:38.000,2024-01-31 07:57:25.353,47.353,FileNotFound,
13,Initialize,2024-11-10 01:23:22.000,2024-11-10 01:23:55.287,33.287,OutOfMemory,image3.png
13,CheckStatus,2024-11-03 00:33:53.000,2024-11-03 00:34:30.380,37.38,InvalidInput,image3.png
13,EndOfCycle,2024-09-30 05:05:41.000,2024-09-30 05:06:23.713,42.713,ConnectionTimeout,image1.png
13,Maintenance,2024-04-04 14:29:20.000,2024-04-04 14:30:14.686,54.687,OutOfMemory,image1.png
13,StartOfCycle,2024-07-30 04:26:21.000,2024-07-30 04:26:26.793,5.793,OutOfMemory,
13,Initialize,2024-03-31 14:15:14.000,2024-03-31 14:15:31.068,17.068,OutOfMemory,
13,IsReady,2024-05-02 06:14:06.000,2024-05-02 06:14:46.249,40.249,NetworkError,image2.png
13,ErrorHandling,2024-03-15 16:47:10.000,2024-03-15 16:47:44.541,34.542,FileNotFound,image3.png
13,ErrorHandling,2024-03-28 15:51:34.000,2024-03-28 15:51:38.535,4.536,ConnectionTimeout,image3.png
13,StartOfCycle,2024-12-02 14:48:23.000,2024-12-02 14:48:53.137,30.138,ConnectionTimeout,image1.png
13,ErrorHandling,2024-09-15 18:45:30.000,2024-09-15 18:46:26.116,56.117,InvalidInput,image1.png
13,Restart,2024-12-04 12:20:15.000,2024-12-04 12:20:43.150,28.15,PermissionDenied,image1.png
13,Shutdown,2024-06-07 00:23:10.000,2024-06-07 00:23:41.145,31.145,FileNotFound,image3.png
13,FullCycle,2024-10-13 11:34:04.000,2024-10-13 11:34:56.890,52.891,NullPointerException,image1.png
13,ErrorHandling,2024-03-24 06:52:25.000,2024-03-24 06:52:33.339,8.339,NullPointerException,image2.png
13,EndOfCycle,2024-03-23 16:54:54.000,2024-03-23 16:54:57.152,3.153,OutOfMemory,image2.png
14,StartOfCycle,2024-10-31 14:50:03.000,2024-10-31 14:50:15.325,12.325,FileNotFound,image1.png
14,StartOfCycle,2024-10-06 09:48:16.000,2024-10-06 09:48:49.788,33.789,ConnectionTimeout,
14,CheckStatus,2024-02-03 05:36:56.000,2024-02-03 05:37:37.034,41.035,ConnectionTimeout,image2.png
14,Shutdown,2024-04-09 01:07:35.000,2024-04-09 01:07:53.338,18.338,PermissionDenied,image2.png
14,Initialize,2024-06-27 08:06:34.000,2024-06-27 08:06:48.333,14.333,FileNotFound,
14,StartOfCycle,2024-11-19 03:33:35.000,2024-11-19 03:34:05.277,30.277,NullPointerException,image2.png
14,StartOfCycle,2024-11-20 09:29:34.000,2024-11-20 09:29:47.894,13.895,FileNotFound,image1.png
14,StartOfCycle,2024-09-08 17:07:28.000,2024-09-08 17:08:13.484,45.485,NullPointerException,image3.png
14,IsReady,2024-01-07 09:08:01.000,2024-01-07 09:08:46.741,45.742,ResourceUnavailable,image3.png
14,IsReady,2024-03-15 06:56:17.000,2024-03-15 06:56:31.248,14.249,ConnectionTimeout,
14,FullCycle,2024-12-04 17:57:30.000,2024-12-04 17:58:11.008,41.009,FileNotFound,
14,Restart,2024-08-08 22:23:55.000,2024-08-08 22:24:03.651,8.652,OutOfMemory,
14,StartOfCycle,2024-09-28 16:37:51.000,2024-09-28 16:38:46.539,55.539,PermissionDenied,image2.png
14,ErrorHandling,2024-11-15 15:26:03.000,2024-11-15 15:26:10.021,7.021,OutOfMemory,image2.png
14,FullCycle,2024-01-25 01:24:37.000,2024-01-25 01:25:23.345,46.346,ResourceUnavailable,image3.png
14,StartOfCycle,2024-11-17 19:22:45.000,2024-11-17 19:23:23.524,38.524,InvalidInput,image1.png
14,EndOfCycle,2024-06-22 14:55:45.000,2024-06-22 14:55:54.541,9.541,NetworkError,
14,EndOfCycle,2024-08-22 07:09:15.000,2024-08-22 07:10:14.401,59.401,ConnectionTimeout,image1.png
14,ErrorHandling,2024-02-11 20:38:39.000,2024-02-11 20:39:01.096,22.096,NetworkError,image2.png
14,IsReady,2024-01-31 21:15:42.000,2024-01-31 21:16:23.740,41.741,DiskFull,image1.png
14,CheckStatus,2024-02-06 15:54:50.000,2024-02-06 15:54:58.851,8.852,ConnectionTimeout,image3.png
14,FullCycle,2024-04-05 06:37:19.000,2024-04-05 06:38:01.030,42.031,NullPointerException,image1.png
14,FullCycle,2024-05-14 03:55:36.000,2024-05-14 03:56:24.007,48.008,NullPointerException,image1.png
14,ErrorHandling,2024-07-23 17:25:58.000,2024-07-23 17:26:32.432,34.432,DiskFull,image1.png
14,ErrorHandling,2024-03-24 18:17:32.000,2024-03-24 18:18:13.227,41.228,NetworkError,image3.png
15,Maintenance,2024-10-31 19:44:26.000,2024-10-31 19:45:07.161,41.161,DiskFull,image3.png
15,FullCycle,2024-10-09 21:19:26.000,2024-10-09 21:19:41.799,15.799,FileNotFound,image1.png
15,ErrorHandling,2024-05-11 19:33:04.000,2024-05-11 19:33:55.467,51.467,NetworkError,image3.png
15,Initialize,2024-03-15 01:39:13.000,2024-03-15 01:39:44.436,31.436,NullPointerException,image3.png
15,ErrorHandling,2024-06-16 22:37:40.000,2024-06-16 22:37:55.699,15.699,ResourceUnavailable,image2.png
15,CheckStatus,2024-05-21 07:28:32.000,2024-05-21 07:29:15.659,43.659,DiskFull,image1.png
15,CheckStatus,2024-04-22 12:08:48.000,2024-04-22 12:09:19.149,31.149,NetworkError,
15,Shutdown,2024-09-01 19:45:33.000,2024-09-01 19:45:36.740,3.741,ResourceUnavailable,image2.png
15,CheckStatus,2024-10-23 00:46:32.000,2024-10-23 00:47:04.608,32.608,FileNotFound,
15,StartOfCycle,2024-03-25 21:01:22.000,2024-03-25 21:02:18.473,56.473,DiskFull,image3.png
15,CheckStatus,2024-06-30 21:06:45.000,2024-06-30 21:07:04.139,19.14,NullPointerException,
15,Maintenance,2024-09-16 20:55:45.000,2024-09-16 20:56:15.836,30.836,ResourceUnavailable,image3.png
15,Maintenance,2024-02-02 10:40:30.000,2024-02-02 10:41:07.249,37.25,PermissionDenied,
15,Maintenance,2024-03-06 22:19:02.000,2024-03-06 22:19:55.185,53.186,ConnectionTimeout,image3.png
15,EndOfCycle,2024-04-27 21:22:23.000,2024-04-27 21:22:42.794,19.794,ResourceUnavailable,image2.png
15,CheckStatus,2024-11-02 13:59:41.000,2024-11-02 14:00:04.547,23.547,ResourceUnavailable,image1.png
15,Maintenance,2024-10-29 02:44:52.000,2024-10-29 02:44:52.287,0.287,DiskFull,image1.png
15,Shutdown,2024-05-03 19:54:48.000,2024-05-03 19:55:18.300,30.301,FileNotFound,
15,FullCycle,2024-03-07 08:32:40.000,2024-03-07 08:32:59.025,19.026,NullPointerException,image2.png
15,Restart,2024-09-21 00:48:47.000,2024-09-21 00:49:17.942,30.943,NullPointerException,image1.png
15,Initialize,2024-04-06 00:08:34.000,2024-04-06 00:08:51.026,17.026,ResourceUnavailable,
15,FullCycle,2024-12-17 16:47:28.000,2024-12-17 16:47:44.953,16.954,InvalidInput,
15,StartOfCycle,2024-06-09 00:19:09.000,2024-06-09 00:19:51.040,42.04,PermissionDenied,image3.png
15,FullCycle,2024-04-21 09:19:19.000,2024-04-21 09:19:52.578,33.578,FileNotFound,image2.png
15,StartOfCycle,2024-09-28 14:03:56.000,2024-09-28 14:04:12.260,16.26,PermissionDenied,image2.png
15,Shutdown,2024-12-11 07:24:42.000,2024-12-11 07:25:16.877,34.878,ConnectionTimeout,image2.png
15,ErrorHandling,2024-01-07 21:16:15.000,2024-01-07 21:17:07.792,52.792,FileNotFound,
15,Restart,2024-06-19 14:19:06.000,2024-06-19 14:19:31.669,25.67,OutOfMemory,image1.png
16,IsReady,2024-05-04 02:52:09.000,2024-05-04 02:52:26.578,17.579,OutOfMemory,image1.png
16,EndOfCycle,2024-11-08 18:59:32.000,2024-11-08 19:00:28.565,56.565,DiskFull,image3.png
16,EndOfCycle,2024-12-21 11:55:59.000,2024-12-21 11:56:50.980,51.981,FileNotFound,image3.png
16,ErrorHandling,2024-04-16 04:39:36.000,2024-04-16 04:40:15.363,39.364,OutOfMemory,image2.png
16,Initialize,2024-11-13 11:56:37.000,2024-11-13 11:57:26.824,49.825,NullPointerException,image3.png
16,Shutdown,2024-05-03 19:58:35.000,2024-05-03 19:58:51.942,16.943,NullPointerException,image3.png
16,Restart,2024-04-20 20:53:32.000,2024-04-20 20:54:00.468,28.469,FileNotFound,image1.png
16,CheckStatus,2024-04-01 12:27:44.000,2024-04-01 12:28:36.839,52.84,ConnectionTimeout,image1.png
16,ErrorHandling,2024-04-27 01:18:33.000,2024-04-27 01:18:47.660,14.66,ResourceUnavailable,
16,EndOfCycle,2024-07-02 16:59:42.000,2024-07-02 16:59:44.810,2.81,PermissionDenied,
16,Initialize,2024-12-22 04:27:31.000,2024-12-22 04:27:41.434,10.435,NetworkError,image1.png
16,ErrorHandling,2024-06-29 12:06:39.000,2024-06-29 12:07:07.370,28.371,OutOfMemory,image3.png
16,Shutdown,2024-01-21 07:49:04.000,2024-01-21 07:49:26.628,22.629,ConnectionTimeout,image2.png
16,Maintenance,2024-08-16 04:38:17.000,2024-08-16 04:38:51.529,34.529,NullPointerException,image1.png
16,Initialize,2024-12-05 10:47:48.000,2024-12-05 10:48:19.069,31.07,NullPointerException,image2.png
16,CheckStatus,2024-10-04 13:04:15.000,2024-10-04 13:04:17.417,2.418,NullPointerException,image1.png
16,Restart,2024-08-06 09:17:57.000,2024-08-06 09:18:29.765,32.765,PermissionDenied,image1.png
16,IsReady,2024-10-19 09:52:57.000,2024-10-19 09:53:24.049,27.049,ResourceUnavailable,image2.png
16,Restart,2024-06-22 14:37:21.000,2024-06-22 14:38:05.055,44.055,NetworkError,
16,CheckStatus,2024-02-02 09:36:36.000,2024-02-02 09:37:25.752,49.752,InvalidInput,image3.png
16,IsReady,2024-06-21 08:12:57.000,2024-06-21 08:13:24.023,27.023,OutOfMemory,image1.png
16,Maintenance,2024-04-18 12:55:03.000,2024-04-18 12:55:21.192,18.192,ConnectionTimeout,image1.png
16,Initialize,2024-06-07 14:48:44.000,2024-06-07 14:49:10.683,26.683,NetworkError,
16,FullCycle,2024-04-05 13:09:49.000,2024-04-05 13:09:56.014,7.014,PermissionDenied,image2.png
16,Restart,2024-12-03 02:33:56.000,2024-12-03 02:34:00.005,4.005,ConnectionTimeout,image3.png
16,Restart,2024-03-04 17:24:52.000,2024-03-04 17:25:19.208,27.209,ConnectionTimeout,image3.png
16,Initialize,2024-08-03 09:42:04.000,2024-08-03 09:42:40.643,36.643,NullPointerException,image2.png
16,Maintenance,2024-07-15 13:44:55.000,2024-07-15 13:44:55.175,0.175,DiskFull,image1.png
16,FullCycle,2024-01-21 12:21:46.000,2024-01-21 12:22:41.172,55.173,ResourceUnavailable,image2.png
16,Initialize,2024-12-15 10:25:36.000,2024-12-15 10:26:24.660,48.661,NullPointerException,image3.png
16,EndOfCycle,2024-04-07 06:12:10.000,2024-04-07 06:13:05.829,55.83,ResourceUnavailable,
16,StartOfCycle,2024-01-07 08:08:05.000,2024-01-07 08:08:24.856,19.856,FileNotFound,image2.png
16,Restart,2024-04-20 03:56:34.000,2024-04-20 03:57:01.759,27.76,FileNotFound,image2.png
17,StartOfCycle,2024-01-03 17:14:24.000,2024-01-03 17:15:14.066,50.066,NullPointerException,image1.png
17,Initialize,2024-04-10 16:28:08.000,2024-04-10 16:28:27.857,19.857,NetworkError,image1.png
17,Maintenance,2024-09-07 09:43:36.000,2024-09-07 09:44:26.014,50.014,PermissionDenied,image2.png
17,Initialize,2024-03-17 13:35:57.000,2024-03-17 13:36:30.539,33.539,NullPointerException,image2.png
17,CheckStatus,2024-01-25 20:45:44.000,2024-01-25 20:46:21.625,37.625,OutOfMemory,image1.png
17,ErrorHandling,2024-10-09 08:57:56.000,2024-10-09 08:58:19.537,23.537,InvalidInput,image3.png
17,CheckStatus,2024-10-25 03:20:02.000,2024-10-25 03:20:39.900,37.901,ResourceUnavailable,
17,IsReady,2024-06-25 16:18:01.000,2024-06-25 16:18:41.064,40.064,OutOfMemory,image2.png
17,Shutdown,2024-02-29 00:27:51.000,2024-02-29 00:27:55.449,4.45,NullPointerException,image3.png
17,Shutdown,2024-02-04 10:18:58.000,2024-02-04 10:19:12.042,14.042,OutOfMemory,image3.png
17,Maintenance,2024-07-18 05:18:40.000,2024-07-18 05:19:13.990,33.991,NullPointerException,image2.png
17,ErrorHandling,2024-02-04 11:55:18.000,2024-02-04 11:55:18.200,0.201,InvalidInput,
17,CheckStatus,2024-03-16 14:40:21.000,2024-03-16 14:41:00.524,39.524,InvalidInput,
17,Restart,2024-08-11 12:40:26.000,2024-08-11 12:40:52.502,26.503,NetworkError,
17,CheckStatus,2024-12-28 10:25:59.000,2024-12-28 10:26:15.953,16.954,PermissionDenied,image3.png
17,ErrorHandling,2024-07-29 20:24:55.000,2024-07-29 20:25:38.490,43.49,InvalidInput,image3.png
17,ErrorHandling,2024-11-03 10:45:04.000,2024-11-03 10:45:48.923,44.923,DiskFull,
17,FullCycle,2024-12-12 05:12:51.000,2024-12-12 05:13:43.399,52.399,ConnectionTimeout,
17,Maintenance,2024-08-26 09:59:36.000,2024-08-26 10:00:17.942,41.942,NullPointerException,image3.png
17,Shutdown,2024-12-06 18:51:43.000,2024-12-06 18:52:21.165,38.166,DiskFull,image3.png
17,Restart,2024-01-11 14:22:54.000,2024-01-11 14:23:17.439,23.44,PermissionDenied,image1.png
17,StartOfCycle,2024-04-24 10:45:34.000,2024-04-24 10:45:53.393,19.393,FileNotFound,image1.png
17,FullCycle,2024-12-01 05:34:10.000,2024-12-01 05:34:27.404,17.405,NetworkError,image3.png
17,CheckStatus,2024-11-07 06:42:48.000,2024-11-07 06:43:12.851,24.851,OutOfMemory,image2.png
17,CheckStatus,2024-07-04 17:56:07.000,2024-07-04 17:56:17.643,10.644,FileNotFound,
17,Restart,2024-07-14 10:33:39.000,2024-07-14 10:34:29.842,50.842,DiskFull,image1.png
17,Initialize,2024-10-03 07:33:58.000,2024-10-03 07:34:17.911,19.911,DiskFull,
17,Maintenance,2024-09-30 21:51:05.000,2024-09-30 21:51:10.222,5.223,InvalidInput,image2.png
17,Restart,2024-03-29 09:39:28.000,2024-03-29 09:40:11.998,43.998,ConnectionTimeout,image2.png
17,FullCycle,2024-08-19 10:54:59.000,2024-08-19 10:55:20.110,21.111,FileNotFound,
17,IsReady,2024-07-21 11:34:03.000,2024-07-21 11:34:51.950,48.95,ResourceUnavailable,image1.png
17,CheckStatus,2024-01-27 08:56:31.000,2024-01-27 08:56:43.518,12.519,NullPointerException,image1.png
17,CheckStatus,2024-07-05 01:16:36.000,2024-07-05 01:16:49.810,13.811,ResourceUnavailable,image3.png
17,ErrorHandling,2024-07-15 07:07:43.000,2024-07-15 07:08:10.033,27.034,ConnectionTimeout,image1.png
17,Maintenance,2024-07-26 06:49:17.000,2024-07-26 06:49:57.517,40.517,NetworkError,image2.png
17,ErrorHandling,2024-01-29 23:49:30.000,2024-01-29 23:50:20.677,50.678,ResourceUnavailable,image1.png
17,FullCycle,2024-06-19 14:18:27.000,2024-06-19 14:19:04.800,37.8,PermissionDenied,image3.png
17,IsReady,2024-03-14 19:31:02.000,2024-03-14 19:31:25.016,23.016,NullPointerException,image3.png
18,EndOfCycle,2024-03-20 11:35:37.000,2024-03-20 11:35:59.873,22.874,NullPointerException,image1.png
18,IsReady,2024-05-04 20:56:22.000,2024-05-04 20:56:59.749,37.75,ResourceUnavailable,
18,Maintenance,2024-01-01 23:19:59.000,2024-01-01 23:20:54.018,55.019,FileNotFound,
18,IsReady,2024-08-09 01:37:58.000,2024-08-09 01:38:35.406,37.407,NetworkError,
18,Restart,2024-12-06 07:51:47.000,2024-12-06 07:52:21.714,34.715,InvalidInput,
18,IsReady,2024-03-22 09:30:33.000,2024-03-22 09:30:58.909,25.91,DiskFull,image2.png
18,Shutdown,2024-01-10 09:13:22.000,2024-01-10 09:13:26.829,4.83,NullPointerException,image3.png
18,IsReady,2024-01-25 18:00:19.000,2024-01-25 18:00:31.481,12.482,PermissionDenied,image2.png
18,CheckStatus,2024-01-20 17:03:40.000,2024-01-20 17:03:59.573,19.573,NullPointerException,image1.png
18,IsReady,2024-05-05 09:47:04.000,2024-05-05 09:47:06.362,2.363,InvalidInput,image1.png
18,EndOfCycle,2024-03-15 08:15:33.000,2024-03-15 08:15:46.690,13.69,OutOfMemory,image1.png
18,IsReady,2024-11-18 12:31:41.000,2024-11-18 12:32:26.671,45.672,PermissionDenied,image2.png
18,EndOfCycle,2024-04-19 05:05:20.000,2024-04-19 05:05:26.007,6.007,OutOfMemory,
18,Shutdown,2024-05-27 02:43:18.000,2024-05-27 02:44:13.945,55.946,InvalidInput,image2.png
18,Initialize,2024-07-17 05:59:26.000,2024-07-17 06:00:04.187,38.187,NullPointerException,image1.png
18,Shutdown,2024-12-04 04:15:56.000,2024-12-04 04:16:49.555,53.556,InvalidInput,
18,CheckStatus,2024-01-12 18:07:33.000,2024-01-12 18:07:53.229,20.229,NullPointerException,image3.png
18,Initialize,2024-11-25 05:55:41.000,2024-11-25 05:55:56.923,15.923,InvalidInput,image1.png
18,FullCycle,2024-04-29 16:40:29.000,2024-04-29 16:40:36.471,7.471,PermissionDenied,image3.png
18,Restart,2024-08-03 23:19:52.000,2024-08-03 23:19:58.778,6.778,ResourceUnavailable,
18,EndOfCycle,2024-08-06 07:16:32.000,2024-08-06 07:17:01.506,29.507,ResourceUnavailable,image1.png
18,EndOfCycle,2024-12-26 12:04:30.000,2024-12-26 12:04:32.605,2.605,NullPointerException,image3.png
18,FullCycle,2024-01-17 14:44:05.000,2024-01-17 14:44:49.301,44.301,NullPointerException,image1.png
18,IsReady,2024-04-09 07:44:38.000,2024-04-09 07:44:58.924,20.925,PermissionDenied,image1.png
18,Maintenance,2024-06-19 11:30:28.000,2024-06-19 11:31:10.917,42.917,ResourceUnavailable,
18,EndOfCycle,2024-08-04 08:31:29.000,2024-08-04 08:32:25.429,56.429,ConnectionTimeout,
18,Restart,2024-07-07 08:33:03.000,2024-07-07 08:33:20.779,17.78,PermissionDenied,image1.png
18,CheckStatus,2024-03-01 17:14:32.000,2024-03-01 17:14:55.499,23.499,ConnectionTimeout,image3.png
18,Maintenance,2024-10-23 00:21:31.000,2024-10-23 00:22:26.836,55.836,OutOfMemory,image1.png
19,CheckStatus,2024-12-21 08:13:01.000,2024-12-21 08:13:54.298,53.299,ConnectionTimeout,
19,IsReady,2024-06-02 02:33:51.000,2024-06-02 02:34:17.187,26.188,NullPointerException,image3.png
19,StartOfCycle,2024-08-21 10:55:51.000,2024-08-21 10:55:54.182,3.182,NetworkError,image2.png
19,Shutdown,2024-01-13 02:55:47.000,2024-01-13 02:56:00.875,13.875,NullPointerException,
19,CheckStatus,2024-05-21 09:10:03.000,2024-05-21 09:10:54.627,51.627,ResourceUnavailable,
19,EndOfCycle,2024-11-11 16:47:02.000,2024-11-11 16:47:17.496,15.496,FileNotFound,image3.png
19,StartOfCycle,2024-07-14 00:44:41.000,2024-07-14 00:44:41.224,0.224,NetworkError,image2.png
19,EndOfCycle,2024-01-19 14:44:46.000,2024-01-19 14:45:41.015,55.015,NetworkError,image3.png
19,EndOfCycle,2024-04-10 12:19:20.000,2024-04-10 12:19:28.061,8.062,PermissionDenied,image3.png
19,StartOfCycle,2024-03-14 03:22:12.000,2024-03-14 03:22:56.788,44.789,InvalidInput,image2.png
19,Maintenance,2024-03-21 16:31:28.000,2024-03-21 16:31:48.602,20.602,InvalidInput,image2.png
19,Shutdown,2024-07-13 11:01:40.000,2024-07-13 11:02:24.045,44.046,DiskFull,
19,Shutdown,2024-11-10 17:41:23.000,2024-11-10 17:41:28.258,5.259,OutOfMemory,image1.png
19,IsReady,2024-04-21 06:34:53.000,2024-04-21 06:35:31.000,38.001,DiskFull,
19,Maintenance,2024-11-25 21:07:00.000,2024-11-25 21:07:07.628,7.629,PermissionDenied,image2.png
19,Shutdown,2024-08-16 21:12:01.000,2024-08-16 21:12:16.933,15.934,DiskFull,image1.png
19,CheckStatus,2024-12-28 22:18:47.000,2024-12-28 22:18:54.989,7.989,NetworkError,image1.png
19,ErrorHandling,2024-03-27 15:31:43.000,2024-03-27 15:32:41.900,58.9,NullPointerException,image2.png
19,CheckStatus,2024-08-01 23:48:19.000,2024-08-01 23:48:56.508,37.509,PermissionDenied,
19,Restart,2024-03-18 12:36:56.000,2024-03-18 12:37:11.810,15.811,DiskFull,image2.png
19,IsReady,2024-01-03 16:28:13.000,2024-01-03 16:28:14.195,1.196,NetworkError,image1.png
19,EndOfCycle,2024-10-23 03:14:39.000,2024-10-23 03:15:29.636,50.636,OutOfMemory,image1.png
19,CheckStatus,2024-02-02 20:05:35.000,2024-02-02 20:06:05.548,30.549,InvalidInput,image1.png
19,Maintenance,2024-01-23 19:07:17.000,2024-01-23 19:07:40.226,23.227,FileNotFound,
19,FullCycle,2024-12-25 18:15:40.000,2024-12-25 18:16:35.701,55.702,ConnectionTimeout,image2.png
19,StartOfCycle,2024-11-28 10:24:41.000,2024-11-28 10:25:36.477,55.478,FileNotFound,image1.png
19,IsReady,2024-08-06 12:17:33.000,2024-08-06 12:18:08.297,35.297,NetworkError,
19,IsReady,2024-08-05 11:14:32.000,2024-08-05 11:14:40.184,8.185,NullPointerException,image3.png
19,Shutdown,2024-09-27 12:56:17.000,2024-09-27 12:56:28.302,11.303,ResourceUnavailable,image2.png
19,FullCycle,2024-04-18 12:33:43.000,2024-04-18 12:34:12.690,29.691,PermissionDenied,image3.png
19,IsReady,2024-03-11 13:01:18.000,2024-03-11 13:02:10.536,52.537,DiskFull,image3.png
19,FullCycle,2024-10-22 14:26:19.000,2024-10-22 14:26:33.590,14.59,ConnectionTimeout,image1.png
19,StartOfCycle,2024-12-29 07:32:23.000,2024-12-29 07:32:56.925,33.926,InvalidInput,
19,IsReady,2024-03-25 14:30:03.000,2024-03-25 14:30:33.302,30.302,FileNotFound,image2.png
19,Shutdown,2024-08-03 04:30:25.000,2024-08-03 04:31:20.534,55.534,NetworkError,image1.png
19,StartOfCycle,2024-05-03 00:47:39.000,2024-05-03 00:48:04.508,25.509,NetworkError,image2.png
19,FullCycle,2024-10-01 09:24:02.000,2024-10-01 09:24:07.169,5.17,PermissionDenied,
19,IsReady,2024-06-10 09:37:47.000,2024-06-10 09:38:16.968,29.968,DiskFull,
19,IsReady,2024-02-10 13:00:47.000,2024-02-10 13:00:56.721,9.721,OutOfMemory,image2.png
20,Shutdown,2024-06-07 21:40:52.000,2024-06-07 21:41:07.882,15.883,NetworkError,image1.png
20,FullCycle,2024-01-18 19:21:08.000,2024-01-18 19:21:49.118,41.118,PermissionDenied,image3.png
20,Restart,2024-02-15 10:08:46.000,2024-02-15 10:09:00.023,14.023,ResourceUnavailable,image3.png
20,CheckStatus,2024-03-02 16:44:15.000,2024-03-02 16:44:20.969,5.97,InvalidInput,image1.png
20,Initialize,2024-05-17 13:32:01.000,2024-05-17 13:32:59.353,58.354,InvalidInput,
20,Shutdown,2024-09-04 00:10:53.000,2024-09-04 00:11:04.652,11.653,ResourceUnavailable,image3.png
20,IsReady,2024-03-26 01:25:41.000,2024-03-26 01:25:51.472,10.472,OutOfMemory,image1.png
20,IsReady,2024-03-04 03:17:51.000,2024-03-04 03:18:47.208,56.209,ResourceUnavailable,image3.png
20,ErrorHandling,2024-04-15 06:42:31.000,2024-04-15 06:43:07.959,36.96,DiskFull,image3.png
20,Maintenance,2024-08-30 04:54:07.000,2024-08-30 04:55:06.236,59.237,OutOfMemory,image3.png
20,CheckStatus,2024-01-07 13:45:37.000,2024-01-07 13:45:37.699,0.7,PermissionDenied,image2.png
20,Restart,2024-11-27 01:51:07.000,2024-11-27 01:51:51.909,44.91,DiskFull,image1.png
20,FullCycle,2024-03-19 01:42:23.000,2024-03-19 01:43:05.315,42.315,OutOfMemory,image2.png
20,Restart,2024-06-05 03:14:50.000,2024-06-05 03:15:01.783,11.783,ResourceUnavailable,image1.png
20,CheckStatus,2024-09-29 11:00:10.000,2024-09-29 11:00:58.775,48.776,ConnectionTimeout,image2.png
20,Initialize,2024-12-23 06:31:18.000,2024-12-23 06:32:15.020,57.02,ConnectionTimeout,
20,Shutdown,2024-09-27 21:21:25.000,2024-09-27 21:21:54.285,29.285,PermissionDenied,image1.png
20,Restart,2024-02-11 05:49:48.000,2024-02-11 05:50:36.688,48.688,ConnectionTimeout,
20,Shutdown,2024-09-28 22:03:10.000,2024-09-28 22:04:00.366,50.367,NetworkError,image1.png
20,IsReady,2024-02-04 10:09:12.000,2024-02-04 10:09:24.634,12.635,PermissionDenied,
20,Maintenance,2024-06-28 09:20:51.000,2024-06-28 09:20:54.208,3.209,InvalidInput,
20,Maintenance,2024-10-13 06:35:18.000,2024-10-13 06:35:57.092,39.093,DiskFull,image3.png
20,ErrorHandling,2024-06-04 08:58:03.000,2024-06-04 08:58:03.284,0.284,DiskFull,image3.png
20,StartOfCycle,2024-07-16 16:41:36.000,2024-07-16 16:42:20.369,44.369,ResourceUnavailable,image2.png
20,ErrorHandling,2024-08-27 06:52:24.000,2024-08-27 06:52:38.430,14.43,DiskFull,image3.png
20,EndOfCycle,2024-02-02 15:02:06.000,2024-02-02 15:02:14.135,8.135,DiskFull,image3.png
20,IsReady,2024-10-21 05:26:48.000,2024-10-21 05:27:36.437,48.438,InvalidInput,image2.png
20,IsReady,2024-01-07 19:34:58.000,2024-01-07 19:35:44.024,46.024,PermissionDenied,
20,ErrorHandling,2024-08-06 12:55:51.000,2024-08-06 12:56:10.826,19.827,InvalidInput,image1.png
20,FullCycle,2024-03-21 16:20:28.000,2024-03-21 16:20:30.306,2.307,OutOfMemory,
20,StartOfCycle,2024-09-29 23:13:33.000,2024-09-29 23:13:42.247,9.247,ConnectionTimeout,
20,CheckStatus,2024-01-18 02:23:00.000,2024-01-18 02:23:19.398,19.398,DiskFull,image1.png
20,FullCycle,2024-03-15 16:19:43.000,2024-03-15 16:20:34.672,51.673,FileNotFound,image3.png
20,CheckStatus,2024-02-17 07:13:58.000,2024-02-17 07:14:15.601,17.602,DiskFull,image3.png
20,Restart,2024-10-31 02:41:34.000,2024-10-31 02:42:26.975,52.976,NetworkError,image2.png
20,Initialize,2024-04-09 06:54:11.000,2024-04-09 06:54:50.386,39.386,FileNotFound,image2.png
20,StartOfCycle,2024-01-19 12:28:24.000,2024-01-19 12:29:17.213,53.214,InvalidInput,image3.png
21,Maintenance,2024-07-01 13:03:05.000,2024-07-01 13:03:07.501,2.502,FileNotFound,image3.png
21,Initialize,2024-10-16 08:13:58.000,2024-10-16 08:14:26.101,28.102,OutOfMemory,
21,IsReady,2024-06-05 06:38:08.000,2024-06-05 06:38:34.709,26.709,OutOfMemory,image3.png
21,EndOfCycle,2024-01-25 15:12:34.000,2024-01-25 15:13:01.491,27.491,PermissionDenied,image3.png
21,ErrorHandling,2024-02-03 00:15:33.000,2024-02-03 00:15:37.376,4.376,PermissionDenied,image3.png
21,Restart,2024-01-19 05:56:40.000,2024-01-19 05:57:15.555,35.555,ResourceUnavailable,
21,Restart,2024-06-12 12:01:00.000,2024-06-12 12:01:06.075,6.076,NetworkError,
21,ErrorHandling,2024-03-05 10:12:18.000,2024-03-05 10:12:18.825,0.826,NetworkError,image2.png
21,StartOfCycle,2024-10-17 05:12:27.000,2024-10-17 05:12:34.724,7.724,NetworkError,image3.png
21,EndOfCycle,2024-09-20 23:28:01.000,2024-09-20 23:28:29.424,28.425,NetworkError,image1.png
21,IsReady,2024-08-01 02:02:21.000,2024-08-01 02:02:53.805,32.806,ConnectionTimeout,image3.png
21,StartOfCycle,2024-09-08 18:57:36.000,2024-09-08 18:58:03.166,27.166,PermissionDenied,image3.png
21,Restart,2024-12-16 08:30:00.000,2024-12-16 08:30:34.013,34.014,OutOfMemory,image2.png
21,ErrorHandling,2024-10-09 04:55:11.000,2024-10-09 04:55:58.496,47.496,ResourceUnavailable,image1.png
21,Initialize,2024-01-18 13:45:40.000,2024-01-18 13:46:15.806,35.807,NullPointerException,image1.png
21,Restart,2024-02-21 12:48:01.000,2024-02-21 12:48:36.221,35.222,DiskFull,
21,StartOfCycle,2024-03-26 22:18:25.000,2024-03-26 22:19:10.653,45.654,ResourceUnavailable,image2.png
21,Shutdown,2024-07-14 05:35:37.000,2024-07-14 05:35:56.010,19.011,NullPointerException,image2.png
21,FullCycle,2024-11-25 04:01:01.000,2024-11-25 04:02:00.955,59.956,PermissionDenied,image1.png
21,FullCycle,2024-06-10 18:26:17.000,2024-06-10 18:26:52.858,35.858,ResourceUnavailable,image2.png
21,FullCycle,2024-01-11 18:55:22.000,2024-01-11 18:56:17.266,55.267,PermissionDenied,
21,CheckStatus,2024-10-31 06:41:09.000,2024-10-31 06:41:26.598,17.598,InvalidInput,image1.png
21,EndOfCycle,2024-03-24 00:59:11.000,2024-03-24 00:59:55.323,44.323,NetworkError,image1.png
21,EndOfCycle,2024-01-14 09:00:53.000,2024-01-14 09:00:59.227,6.228,DiskFull,image1.png
21,ErrorHandling,2024-10-30 01:16:42.000,2024-10-30 01:16:51.909,9.91,NullPointerException,image1.png
21,Initialize,2024-05-16 10:33:14.000,2024-05-16 10:33:15.399,1.4,InvalidInput,image3.png
21,Shutdown,2024-10-20 23:18:51.000,2024-10-20 23:18:54.360,3.361,NullPointerException,image2.png
21,FullCycle,2024-02-10 22:42:24.000,2024-02-10 22:43:13.599,49.599,InvalidInput,image1.png
22,Restart,2024-06-06 15:19:57.000,2024-06-06 15:20:25.501,28.502,DiskFull,image2.png
22,StartOfCycle,2024-03-06 16:14:33.000,2024-03-06 16:15:05.829,32.83,OutOfMemory,image2.png
22,EndOfCycle,2024-11-27 08:36:19.000,2024-11-27 08:36:23.524,4.525,NullPointerException,
22,Restart,2024-12-31 07:19:15.000,2024-12-31 07:20:11.835,56.836,ConnectionTimeout,
22,CheckStatus,2024-10-03 02:31:17.000,2024-10-03 02:31:25.321,8.322,ConnectionTimeout,image3.png
22,ErrorHandling,2024-06-26 14:27:08.000,2024-06-26 14:27:12.674,4.674,OutOfMemory,image2.png
22,ErrorHandling,2024-10-09 20:48:55.000,2024-10-09 20:49:32.912,37.912,ConnectionTimeout,image1.png
22,CheckStatus,2024-10-24 15:10:34.000,2024-10-24 15:11:33.478,59.478,DiskFull,image1.png
22,Maintenance,2024-06-11 07:55:33.000,2024-06-11 07:55:54.202,21.203,NullPointerException,
22,Maintenance,2024-10-12 07:54:39.000,2024-10-12 07:55:25.528,46.529,InvalidInput,image2.png
22,ErrorHandling,2024-06-30 12:30:49.000,2024-06-30 12:31:00.423,11.424,FileNotFound,image3.png
22,EndOfCycle,2024-03-15 20:59:08.000,2024-03-15 21:00:07.552,59.553,DiskFull,image2.png
22,IsReady,2024-01-17 02:29:24.000,2024-01-17 02:29:32.150,8.15,NullPointerException,image2.png
22,FullCycle,2024-01-24 20:27:39.000,2024-01-24 20:28:28.001,49.002,NetworkError,image3.png
22,Restart,2024-12-25 16:38:05.000,2024-12-25 16:38:17.478,12.479,OutOfMemory,
22,EndOfCycle,2024-07-02 20:08:59.000,2024-07-02 20:09:37.340,38.34,ConnectionTimeout,image1.png
22,Shutdown,2024-02-24 06:32:42.000,2024-02-24 06:33:20.715,38.715,FileNotFound,image2.png
22,Restart,2024-09-19 04:09:16.000,2024-09-19 04:09:51.880,35.88,FileNotFound,image1.png
22,IsReady,2024-12-23 20:46:54.000,2024-12-23 20:47:19.926,25.927,InvalidInput,image1.png
22,StartOfCycle,2024-10-05 05:02:20.000,2024-10-05 05:02:38.037,18.037,FileNotFound,image3.png
22,IsReady,2024-04-19 08:10:54.000,2024-04-19 08:11:36.893,42.893,OutOfMemory,image1.png
22,IsReady,2024-10-04 19:10:37.000,2024-10-04 19:11:34.263,57.263,FileNotFound,image3.png
22,FullCycle,2024-05-02 08:15:50.000,2024-05-02 08:16:09.092,19.092,InvalidInput,image3.png
22,CheckStatus,2024-10-07 08:11:01.000,2024-10-07 08:11:11.410,10.41,InvalidInput,image2.png
22,IsReady,2024-07-30 15:57:51.000,2024-07-30 15:58:41.581,50.582,NetworkError,image2.png
22,FullCycle,2024-09-06 05:38:18.000,2024-09-06 05:38:59.091,41.092,ResourceUnavailable,image2.png
22,Initialize,2024-04-25 18:13:44.000,2024-04-25 18:14:25.160,41.161,NullPointerException,image3.png
22,Restart,2024-08-09 21:49:38.000,2024-08-09 21:50:30.792,52.793,FileNotFound,image1.png
22,FullCycle,2024-08-21 05:14:38.000,2024-08-21 05:15:33.185,55.185,NullPointerException,image2.png
22,EndOfCycle,2024-04-05 03:43:18.000,2024-04-05 03:43:46.680,28.68,ConnectionTimeout,
22,StartOfCycle,2024-10-14 08:09:49.000,2024-10-14 08:10:35.020,46.021,NullPointerException,image2.png
22,Initialize,2024-09-29 10:25:46.000,2024-09-29 10:26:13.753,27.753,NullPointerException,image2.png
23,CheckStatus,2024-09-10 16:24:55.000,2024-09-10 16:25:34.538,39.539,PermissionDenied,image1.png
23,Restart,2024-06-27 04:48:56.000,2024-06-27 04:49:46.496,50.496,NetworkError,image1.png
23,StartOfCycle,2024-08-11 16:32:03.000,2024-08-11 16:32:34.992,31.992,DiskFull,image1.png
23,IsReady,2024-09-03 14:56:50.000,2024-09-03 14:57:16.615,26.616,DiskFull,image3.png
23,Initialize,2024-05-31 12:04:37.000,2024-05-31 12:05:16.851,39.852,InvalidInput,image1.png
23,ErrorHandling,2024-04-01 02:11:42.000,2024-04-01 02:11:58.944,16.944,ConnectionTimeout,image1.png
23,Shutdown,2024-09-19 03:27:43.000,2024-09-19 03:28:32.551,49.552,FileNotFound,image1.png
23,Shutdown,2024-03-15 19:01:42.000,2024-03-15 19:02:09.358,27.359,ResourceUnavailable,image3.png
23,FullCycle,2024-11-11 08:08:58.000,2024-11-11 08:09:56.037,58.038,OutOfMemory,image2.png
23,CheckStatus,2024-11-25 15:18:26.000,2024-11-25 15:19:13.309,47.309,NetworkError,image1.png
23,ErrorHandling,2024-05-04 05:40:59.000,2024-05-04 05:41:13.905,14.906,ResourceUnavailable,image3.png
23,CheckStatus,2024-11-25 12:17:05.000,2024-11-25 12:17:52.653,47.653,OutOfMemory,
23,CheckStatus,2024-03-10 22:49:58.000,2024-03-10 22:50:24.128,26.129,InvalidInput,image1.png
23,FullCycle,2024-04-22 00:45:18.000,2024-04-22 00:45:33.315,15.315,ResourceUnavailable,
23,Shutdown,2024-06-07 04:01:43.000,2024-06-07 04:01:50.458,7.458,InvalidInput,image1.png
23,CheckStatus,2024-06-07 03:46:07.000,2024-06-07 03:46:28.824,21.825,FileNotFound,
23,IsReady,2024-11-15 09:07:28.000,2024-11-15 09:07:41.317,13.318,OutOfMemory,image2.png
23,Initialize,2024-11-05 14:19:37.000,2024-11-05 14:19:48.419,11.42,ResourceUnavailable,image2.png
23,FullCycle,2024-04-18 22:40:09.000,2024-04-18 22:41:05.237,56.237,DiskFull,image3.png
23,Initialize,2024-01-11 06:55:10.000,2024-01-11 06:55:30.071,20.072,PermissionDenied,image1.png
23,Maintenance,2024-08-11 14:57:34.000,2024-08-11 14:57:50.628,16.629,InvalidInput,
23,EndOfCycle,2024-10-13 06:05:50.000,2024-10-13 06:06:09.611,19.611,OutOfMemory,image2.png
23,EndOfCycle,2024-03-15 09:41:08.000,2024-03-15 09:41:57.923,49.924,InvalidInput,image1.png
23,Maintenance,2024-01-18 23:59:53.000,2024-01-19 00:00:15.362,22.363,ResourceUnavailable,image3.png
23,Initialize,2024-08-20 06:29:32.000,2024-08-20 06:29:35.109,3.11,InvalidInput,
23,Initialize,2024-11-13 22:12:22.000,2024-11-13 22:13:15.402,53.402,OutOfMemory,image1.png
23,FullCycle,2024-03-21 17:49:43.000,2024-03-21 17:50:30.756,47.757,NullPointerException,image2.png
23,Restart,2024-12-23 14:27:21.000,2024-12-23 14:27:27.125,6.126,NullPointerException,
23,EndOfCycle,2024-07-26 06:45:50.000,2024-07-26 06:46:05.759,15.759,FileNotFound,image1.png
23,IsReady,2024-08-22 18:57:23.000,2024-08-22 18:58:07.298,44.299,ConnectionTimeout,image1.png
23,Restart,2024-09-24 17:35:47.000,2024-09-24 17:36:20.924,33.924,InvalidInput,
23,FullCycle,2024-01-14 15:11:21.000,2024-01-14 15:11:49.107,28.108,PermissionDenied,image1.png
23,IsReady,2024-03-19 05:57:24.000,2024-03-19 05:58:09.716,45.716,ConnectionTimeout,image1.png
23,FullCycle,2024-05-25 14:05:30.000,2024-05-25 14:06:19.650,49.65,OutOfMemory,
23,StartOfCycle,2024-11-09 01:10:14.000,2024-11-09 01:10:14.950,0.95,OutOfMemory,image1.png
23,ErrorHandling,2024-10-04 22:02:21.000,2024-10-04 22:02:58.780,37.78,ResourceUnavailable,image3.png
24,StartOfCycle,2024-12-27 11:21:17.000,2024-12-27 11:21:19.181,2.181,DiskFull,image2.png
24,CheckStatus,2024-07-27 01:10:54.000,2024-07-27 01:11:06.275,12.275,NullPointerException,image3.png
24,ErrorHandling,2024-12-12 12:53:47.000,2024-12-12 12:54:10.966,23.966,ConnectionTimeout,image2.png
24,Shutdown,2024-11-22 05:07:02.000,2024-11-22 05:07:29.444,27.445,ConnectionTimeout,
24,Maintenance,2024-07-23 12:29:24.000,2024-07-23 12:29:40.378,16.378,NullPointerException,image3.png
24,Initialize,2024-02-14 23:56:03.000,2024-02-14 23:56:09.261,6.261,ConnectionTimeout,image1.png
24,StartOfCycle,2024-12-26 17:37:48.000,2024-12-26 17:37:48.291,0.291,NullPointerException,image3.png
24,Maintenance,2024-04-08 03:27:07.000,2024-04-08 03:27:35.119,28.119,NullPointerException,image2.png
24,FullCycle,2024-12-17 11:26:56.000,2024-12-17 11:26:59.692,3.693,NetworkError,image3.png
24,Initialize,2024-04-09 01:26:35.000,2024-04-09 01:27:00.161,25.161,NullPointerException,image3.png
24,Shutdown,2024-03-09 09:33:52.000,2024-03-09 09:34:18.822,26.823,ConnectionTimeout,image3.png
24,ErrorHandling,2024-05-10 15:20:46.000,2024-05-10 15:21:16.546,30.547,ConnectionTimeout,image3.png
24,StartOfCycle,2024-08-29 08:53:23.000,2024-08-29 08:53:32.584,9.584,PermissionDenied,image2.png
24,Initialize,2024-09-09 18:23:00.000,2024-09-09 18:23:34.277,34.277,ResourceUnavailable,image2.png
24,StartOfCycle,2024-09-12 16:59:29.000,2024-09-12 17:00:08.645,39.645,InvalidInput,image1.png
24,FullCycle,2024-06-27 03:29:05.000,2024-06-27 03:29:09.243,4.244,PermissionDenied,image3.png
24,CheckStatus,2024-09-23 07:11:12.000,2024-09-23 07:11:22.922,10.922,NullPointerException,image3.png
24,Initialize,2024-04-28 04:11:52.000,2024-04-28 04:11:59.576,7.577,ConnectionTimeout,
24,IsReady,2024-04-02 02:44:34.000,2024-04-02 02:44:39.541,5.542,PermissionDenied,image3.png
24,StartOfCycle,2024-07-27 07:28:26.000,2024-07-27 07:29:03.955,37.956,ConnectionTimeout,
24,IsReady,2024-04-30 16:47:04.000,2024-04-30 16:47:51.258,47.258,InvalidInput,image1.png
24,Restart,2024-01-11 14:10:09.000,2024-01-11 14:10:29.161,20.161,DiskFull,image1.png
24,Restart,2024-07-30 19:21:17.000,2024-07-30 19:21:19.739,2.74,NetworkError,image3.png
24,Shutdown,2024-01-21 12:10:11.000,2024-01-21 12:10:58.736,47.736,PermissionDenied,
24,Shutdown,2024-08-24 13:47:11.000,2024-08-24 13:47:33.129,22.129,FileNotFound,image1.png
24,EndOfCycle,2024-09-27 07:22:14.000,2024-09-27 07:22:40.026,26.026,ResourceUnavailable,
24,Restart,2024-02-12 05:11:50.000,2024-02-12 05:12:08.449,18.45,NullPointerException,
24,CheckStatus,2024-03-30 11:25:50.000,2024-03-30 11:26:39.767,49.767,InvalidInput,image3.png
24,EndOfCycle,2024-02-24 17:35:20.000,2024-02-24 17:35:42.569,22.57,NullPointerException,image1.png
24,IsReady,2024-03-09 10:02:55.000,2024-03-09 10:03:20.494,25.494,NetworkError,image1.png
24,CheckStatus,2024-05-03 07:33:21.000,2024-05-03 07:33:51.685,30.685,InvalidInput,image1.png
24,IsReady,2024-04-01 07:32:28.000,2024-04-01 07:33:09.525,41.525,PermissionDenied,image2.png
24,EndOfCycle,2024-02-13 23:19:41.000,2024-02-13 23:20:27.205,46.206,NullPointerException,image2.png
24,CheckStatus,2024-01-16 17:34:55.000,2024-01-16 17:35:01.591,6.592,NullPointerException,image2.png
24,IsReady,2024-09-18 05:57:58.000,2024-09-18 05:58:28.947,30.948,NullPointerException,image2.png
24,FullCycle,2024-02-28 04:10:12.000,2024-02-28 04:11:11.182,59.182,DiskFull,image2.png
24,CheckStatus,2024-09-02 18:07:19.000,2024-09-02 18:07:29.459,10.459,FileNotFound,image2.png
24,ErrorHandling,2024-12-21 16:36:37.000,2024-12-21 16:37:12.336,35.336,NullPointerException,
24,CheckStatus,2024-05-04 19:20:45.000,2024-05-04 19:21:02.262,17.263,DiskFull,
24,Maintenance,2024-08-28 18:10:14.000,2024-08-28 18:10:21.761,7.761,NetworkError,image1.png
25,Restart,2024-11-28 14:06:06.000,2024-11-28 14:06:52.013,46.013,DiskFull,image1.png
25,EndOfCycle,2024-06-18 23:15:20.000,2024-06-18 23:15:39.735,19.735,DiskFull,image3.png
25,CheckStatus,2024-05-25 07:35:26.000,2024-05-25 07:36:23.749,57.75,NetworkError,image2.png
25,IsReady,2024-04-07 06:34:03.000,2024-04-07 06:34:35.446,32.446,InvalidInput,image3.png
25,Shutdown,2024-01-03 14:04:03.000,2024-01-03 14:04:58.742,55.743,FileNotFound,image1.png
25,IsReady,2024-09-10 10:25:43.000,2024-09-10 10:26:19.576,36.577,ConnectionTimeout,image3.png
25,CheckStatus,2024-12-10 21:42:53.000,2024-12-10 21:43:02.531,9.532,DiskFull,image1.png
25,EndOfCycle,2024-05-20 18:34:30.000,2024-05-20 18:35:20.073,50.074,InvalidInput,
25,EndOfCycle,2024-07-20 16:17:56.000,2024-07-20 16:18:03.865,7.866,ResourceUnavailable,
25,FullCycle,2024-02-22 18:20:04.000,2024-02-22 18:21:01.570,57.57,NetworkError,image3.png
25,CheckStatus,2024-06-14 14:12:46.000,2024-06-14 14:13:14.433,28.433,FileNotFound,image1.png
25,Initialize,2024-12-10 14:53:05.000,2024-12-10 14:53:48.316,43.316,DiskFull,
25,Maintenance,2024-01-14 20:41:10.000,2024-01-14 20:42:03.562,53.562,ConnectionTimeout,image3.png
25,Restart,2024-05-28 23:00:27.000,2024-05-28 23:00:41.746,14.746,DiskFull,image3.png
25,Shutdown,2024-02-05 10:15:11.000,2024-02-05 10:15:13.244,2.245,ConnectionTimeout,
25,Maintenance,2024-07-26 15:32:34.000,2024-07-26 15:32:49.823,15.823,OutOfMemory,image2.png
25,Maintenance,2024-04-29 22:33:00.000,2024-04-29 22:33:06.916,6.916,DiskFull,image1.png
25,IsReady,2024-04-26 16:12:29.000,2024-04-26 16:12:30.926,1.927,PermissionDenied,image2.png
25,Shutdown,2024-09-15 13:25:23.000,2024-09-15 13:26:02.192,39.192,ResourceUnavailable,image3.png
25,StartOfCycle,2024-08-07 11:37:20.000,2024-08-07 11:37:48.494,28.494,NullPointerException,image2.png
25,Maintenance,2024-11-13 23:14:23.000,2024-11-13 23:14:51.932,28.932,NullPointerException,image1.png
25,Maintenance,2024-04-27 17:06:27.000,2024-04-27 17:06:42.137,15.138,NullPointerException,
25,EndOfCycle,2024-08-04 09:13:51.000,2024-08-04 09:14:42.560,51.56,FileNotFound,
25,ErrorHandling,2024-12-07 14:02:24.000,2024-12-07 14:02:33.785,9.786,InvalidInput,image2.png
25,EndOfCycle,2024-03-07 10:40:47.000,2024-03-07 10:41:31.508,44.508,InvalidInput,image2.png
25,Initialize,2024-11-20 09:26:59.000,2024-11-20 09:27:29.354,30.354,PermissionDenied,image1.png
25,CheckStatus,2024-12-03 07:51:30.000,2024-12-03 07:52:04.224,34.225,FileNotFound,image3.png
25,IsReady,2024-01-04 13:28:28.000,2024-01-04 13:29:23.231,55.231,FileNotFound,image2.png
26,Shutdown,2024-03-29 14:16:36.000,2024-03-29 14:16:51.531,15.531,PermissionDenied,image1.png
26,ErrorHandling,2024-08-02 19:07:07.000,2024-08-02 19:07:41.962,34.962,NetworkError,image2.png
26,FullCycle,2024-02-22 17:22:37.000,2024-02-22 17:23:15.655,38.655,ResourceUnavailable,image1.png
26,CheckStatus,2024-04-07 08:03:41.000,2024-04-07 08:04:13.412,32.413,NetworkError,image3.png
26,Maintenance,2024-04-29 23:09:02.000,2024-04-29 23:09:47.426,45.426,NetworkError,image2.png
26,IsReady,2024-07-22 17:13:13.000,2024-07-22 17:13:34.315,21.316,DiskFull,image1.png
26,Maintenance,2024-02-14 12:45:52.000,2024-02-14 12:45:54.265,2.265,FileNotFound,image3.png
26,IsReady,2024-07-17 11:46:33.000,2024-07-17 11:47:23.880,50.88,ResourceUnavailable,image1.png
26,Shutdown,2024-03-28 18:05:18.000,2024-03-28 18:06:14.629,56.63,DiskFull,image1.png
26,Maintenance,2024-11-25 12:49:15.000,2024-11-25 12:49:46.789,31.789,OutOfMemory,image2.png
26,EndOfCycle,2024-09-28 09:13:38.000,2024-09-28 09:14:32.179,54.18,PermissionDenied,image2.png
26,Shutdown,2024-06-17 16:31:58.000,2024-06-17 16:32:02.258,4.258,OutOfMemory,image3.png
26,EndOfCycle,2024-10-01 19:27:37.000,2024-10-01 19:28:29.057,52.057,NullPointerException,image2.png
26,FullCycle,2024-05-15 17:44:35.000,2024-05-15 17:44:54.637,19.637,PermissionDenied,image1.png
26,CheckStatus,2024-12-16 04:32:08.000,2024-12-16 04:32:47.811,39.811,OutOfMemory,image3.png
26,EndOfCycle,2024-05-15 16:56:28.000,2024-05-15 16:57:18.066,50.067,InvalidInput,image1.png
26,EndOfCycle,2024-02-03 17:14:03.000,2024-02-03 17:14:26.098,23.099,ConnectionTimeout,image1.png
26,CheckStatus,2024-04-05 20:24:55.000,2024-04-05 20:25:41.594,46.595,OutOfMemory,image3.png
26,ErrorHandling,2024-06-29 06:22:08.000,2024-06-29 06:22:20.585,12.586,FileNotFound,image1.png
26,IsReady,2024-10-08 18:05:47.000,2024-10-08 18:06:09.914,22.915,ResourceUnavailable,image1.png
26,EndOfCycle,2024-09-02 10:48:32.000,2024-09-02 10:48:46.006,14.007,NullPointerException,image3.png
26,Shutdown,2024-06-21 05:36:10.000,2024-06-21 05:36:44.925,34.925,ConnectionTimeout,image2.png
26,FullCycle,2024-01-09 09:59:15.000,2024-01-09 09:59:26.786,11.787,ResourceUnavailable,image3.png
26,ErrorHandling,2024-03-09 21:30:47.000,2024-03-09 21:30:54.396,7.397,PermissionDenied,image2.png
26,IsReady,2024-05-19 19:46:34.000,2024-05-19 19:46:50.252,16.252,OutOfMemory,image1.png
26,StartOfCycle,2024-09-19 22:17:38.000,2024-09-19 22:18:10.433,32.434,ConnectionTimeout,image3.png
27,FullCycle,2024-04-26 17:59:59.000,2024-04-26 18:00:51.543,52.544,ConnectionTimeout,
27,IsReady,2024-09-25 18:41:44.000,2024-09-25 18:42:42.686,58.687,ResourceUnavailable,image2.png
27,ErrorHandling,2024-05-29 02:47:03.000,2024-05-29 02:47:56.802,53.802,InvalidInput,image3.png
27,CheckStatus,2024-03-03 22:52:42.000,2024-03-03 22:53:28.435,46.435,ResourceUnavailable,image3.png
27,EndOfCycle,2024-07-16 23:50:33.000,2024-07-16 23:51:00.184,27.185,NetworkError,
27,FullCycle,2024-04-25 16:40:45.000,2024-04-25 16:41:24.153,39.153,NullPointerException,image3.png
27,CheckStatus,2024-07-05 08:54:09.000,2024-07-05 08:55:03.859,54.86,ConnectionTimeout,image1.png
27,IsReady,2024-09-21 21:57:20.000,2024-09-21 21:58:05.815,45.816,InvalidInput,
27,Initialize,2024-03-02 20:48:18.000,2024-03-02 20:49:03.358,45.359,NullPointerException,
27,Initialize,2024-04-21 13:44:59.000,2024-04-21 13:45:04.067,5.067,NetworkError,image3.png
27,ErrorHandling,2024-12-25 11:33:54.000,2024-12-25 11:34:30.127,36.128,NullPointerException,image1.png
27,Maintenance,2024-07-02 02:20:52.000,2024-07-02 02:21:30.566,38.567,ResourceUnavailable,image1.png
27,IsReady,2024-08-07 13:16:41.000,2024-08-07 13:17:04.430,23.43,NullPointerException,image1.png
27,StartOfCycle,2024-03-08 01:18:00.000,2024-03-08 01:18:32.584,32.585,DiskFull,image1.png
27,Restart,2024-08-22 00:13:06.000,2024-08-22 00:13:23.224,17.225,DiskFull,image2.png
27,FullCycle,2024-06-07 04:37:28.000,2024-06-07 04:38:08.331,40.332,PermissionDenied,image1.png
27,FullCycle,2024-05-07 22:44:28.000,2024-05-07 22:45:12.417,44.418,FileNotFound,image1.png
27,Maintenance,2024-02-17 03:55:03.000,2024-02-17 03:55:50.459,47.459,FileNotFound,image3.png
27,Initialize,2024-06-11 21:30:22.000,2024-06-11 21:31:21.529,59.529,PermissionDenied,image1.png
27,Initialize,2024-08-13 22:11:00.000,2024-08-13 22:11:59.048,59.048,ResourceUnavailable,image3.png
27,Shutdown,2024-07-02 15:56:41.000,2024-07-02 15:56:50.275,9.275,NullPointerException,
27,ErrorHandling,2024-12-19 13:55:27.000,2024-12-19 13:55:55.663,28.664,InvalidInput,image3.png
27,StartOfCycle,2024-06-04 17:47:57.000,2024-06-04 17:48:25.869,28.869,InvalidInput,image1.png
27,CheckStatus,2024-03-11 00:48:03.000,2024-03-11 00:48:26.166,23.167,PermissionDenied,image2.png
27,FullCycle,2024-03-29 05:27:16.000,2024-03-29 05:27:37.832,21.832,OutOfMemory,
27,CheckStatus,2024-03-01 12:25:53.000,2024-03-01 12:26:11.767,18.768,OutOfMemory,image2.png
27,ErrorHandling,2024-04-10 07:54:28.000,2024-04-10 07:54:56.099,28.099,ConnectionTimeout,image1.png
27,Shutdown,2024-01-05 12:03:42.000,2024-01-05 12:03:50.109,8.11,InvalidInput,image1.png
27,Maintenance,2024-12-24 20:25:42.000,2024-12-24 20:26:34.038,52.039,PermissionDenied,image3.png
27,Shutdown,2024-10-29 04:30:42.000,2024-10-29 04:31:29.453,47.453,InvalidInput,image3.png
27,CheckStatus,2024-05-05 22:15:32.000,2024-05-05 22:15:40.895,8.896,DiskFull,
27,CheckStatus,2024-04-06 22:40:00.000,2024-04-06 22:40:27.887,27.888,FileNotFound,image3.png
27,IsReady,2024-11-23 06:33:39.000,2024-11-23 06:34:31.463,52.463,PermissionDenied,image1.png
27,IsReady,2024-06-04 10:07:57.000,2024-06-04 10:08:18.808,21.808,PermissionDenied,image3.png
27,EndOfCycle,2024-09-08 16:08:17.000,2024-09-08 16:08:55.677,38.678,DiskFull,image2.png
27,FullCycle,2024-12-01 13:38:03.000,2024-12-01 13:38:24.802,21.802,OutOfMemory,image1.png
27,Restart,2024-04-11 06:24:24.000,2024-04-11 06:24:35.936,11.937,OutOfMemory,
27,Initialize,2024-09-30 22:15:01.000,2024-09-30 22:15:45.286,44.286,OutOfMemory,image2.png
27,Initialize,2024-06-17 19:39:57.000,2024-06-17 19:40:13.962,16.962,DiskFull,image1.png
27,CheckStatus,2024-08-05 10:57:27.000,2024-08-05 10:58:17.898,50.899,NullPointerException,image3.png
27,Maintenance,2024-10-01 11:04:52.000,2024-10-01 11:05:15.731,23.731,ConnectionTimeout,image1.png
28,Maintenance,2024-10-09 19:34:20.000,2024-10-09 19:35:16.833,56.834,FileNotFound,image2.png
28,StartOfCycle,2024-09-23 08:30:25.000,2024-09-23 08:30:28.742,3.742,FileNotFound,
28,ErrorHandling,2024-05-07 10:21:36.000,2024-05-07 10:22:08.723,32.723,FileNotFound,
28,Initialize,2024-01-22 12:51:17.000,2024-01-22 12:52:05.655,48.655,PermissionDenied,image2.png
28,Maintenance,2024-09-29 05:00:09.000,2024-09-29 05:00:10.905,1.905,InvalidInput,image2.png
28,ErrorHandling,2024-09-14 11:45:28.000,2024-09-14 11:45:45.600,17.6,InvalidInput,image3.png
28,ErrorHandling,2024-05-15 02:16:59.000,2024-05-15 02:17:25.133,26.134,OutOfMemory,image2.png
28,EndOfCycle,2024-12-09 20:40:56.000,2024-12-09 20:41:33.449,37.45,NetworkError,
28,IsReady,2024-10-01 18:54:20.000,2024-10-01 18:54:21.708,1.709,ResourceUnavailable,
28,FullCycle,2024-07-29 22:33:02.000,2024-07-29 22:33:28.922,26.922,FileNotFound,image2.png
28,Restart,2024-12-25 00:12:28.000,2024-12-25 00:12:45.436,17.436,NullPointerException,
28,Restart,2024-09-22 19:02:49.000,2024-09-22 19:03:39.634,50.634,ConnectionTimeout,
28,StartOfCycle,2024-04-26 06:46:00.000,2024-04-26 06:46:58.791,58.791,FileNotFound,image3.png
28,CheckStatus,2024-08-16 06:55:46.000,2024-08-16 06:56:27.181,41.181,ConnectionTimeout,image2.png
28,FullCycle,2024-01-13 03:44:08.000,2024-01-13 03:44:27.304,19.305,ConnectionTimeout,image1.png
28,Shutdown,2024-11-16 17:06:01.000,2024-11-16 17:06:39.904,38.904,PermissionDenied,
28,FullCycle,2024-12-13 06:50:53.000,2024-12-13 06:51:14.742,21.743,InvalidInput,image1.png
28,CheckStatus,2024-12-03 03:33:56.000,2024-12-03 03:33:57.439,1.439,InvalidInput,image3.png
28,CheckStatus,2024-09-09 08:44:45.000,2024-09-09 08:44:45.594,0.594,InvalidInput,
28,Maintenance,2024-01-28 01:46:20.000,2024-01-28 01:46:23.818,3.818,DiskFull,image1.png
28,Shutdown,2024-01-11 17:07:39.000,2024-01-11 17:07:54.466,15.467,ConnectionTimeout,image3.png
28,CheckStatus,2024-01-25 05:53:47.000,2024-01-25 05:54:11.266,24.266,PermissionDenied,
28,FullCycle,2024-10-23 01:04:05.000,2024-10-23 01:04:34.125,29.125,ResourceUnavailable,image3.png
28,EndOfCycle,2024-09-13 01:33:21.000,2024-09-13 01:33:48.053,27.054,PermissionDenied,
28,Shutdown,2024-01-11 09:02:55.000,2024-01-11 09:03:45.576,50.577,FileNotFound,image3.png
28,CheckStatus,2024-02-09 15:57:15.000,2024-02-09 15:57:55.149,40.149,ResourceUnavailable,
28,CheckStatus,2024-07-11 06:21:41.000,2024-07-11 06:22:34.088,53.088,ResourceUnavailable,image2.png
28,Initialize,2024-05-24 13:01:55.000,2024-05-24 13:02:46.510,51.511,OutOfMemory,image3.png
28,ErrorHandling,2024-09-26 04:25:41.000,2024-09-26 04:26:24.174,43.175,DiskFull,
28,Maintenance,2024-10-15 12:21:49.000,2024-10-15 12:22:44.014,55.015,NullPointerException,
29,EndOfCycle,2024-03-01 22:33:54.000,2024-03-01 22:34:11.909,17.91,InvalidInput,image3.png
29,FullCycle,2024-03-13 09:08:41.000,2024-03-13 09:08:57.926,16.926,NullPointerException,image2.png
29,FullCycle,2024-03-14 19:44:57.000,2024-03-14 19:45:17.947,20.948,DiskFull,image3.png
29,StartOfCycle,2024-03-25 13:46:54.000,2024-03-25 13:47:02.919,8.92,FileNotFound,image1.png
29,IsReady,2024-08-25 14:21:00.000,2024-08-25 14:21:43.506,43.507,PermissionDenied,image1.png
29,EndOfCycle,2024-03-05 06:21:27.000,2024-03-05 06:22:05.872,38.873,DiskFull,
29,StartOfCycle,2024-03-06 03:43:14.000,2024-03-06 03:44:05.301,51.302,ResourceUnavailable,image1.png
29,Restart,2024-07-14 09:57:48.000,2024-07-14 09:58:38.936,50.937,OutOfMemory,image1.png
29,Restart,2024-03-12 08:46:20.000,2024-03-12 08:46:20.356,0.356,NullPointerException,image3.png
29,Shutdown,2024-03-06 23:22:25.000,2024-03-06 23:23:14.926,49.927,DiskFull,image1.png
29,IsReady,2024-07-11 05:50:11.000,2024-07-11 05:51:05.786,54.787,OutOfMemory,image1.png
29,StartOfCycle,2024-07-09 21:31:48.000,2024-07-09 21:32:39.820,51.82,InvalidInput,image3.png
29,CheckStatus,2024-03-22 02:31:43.000,2024-03-22 02:31:51.724,8.725,PermissionDenied,image1.png
29,Shutdown,2024-11-09 08:22:03.000,2024-11-09 08:22:13.152,10.152,DiskFull,image1.png
29,IsReady,2024-06-30 23:09:13.000,2024-06-30 23:09:29.103,16.104,PermissionDenied,image2.png
29,CheckStatus,2024-12-03 01:03:02.000,2024-12-03 01:03:14.091,12.092,OutOfMemory,
29,FullCycle,2024-11-30 06:02:00.000,2024-11-30 06:02:05.997,5.998,DiskFull,
29,Maintenance,2024-08-25 02:10:54.000,2024-08-25 02:11:19.708,25.709,FileNotFound,image1.png
29,Restart,2024-10-10 23:35:36.000,2024-10-10 23:36:20.509,44.509,NullPointerException,
29,StartOfCycle,2024-11-28 04:26:23.000,2024-11-28 04:27:10.575,47.576,NetworkError,
29,EndOfCycle,2024-10-23 13:12:29.000,2024-10-23 13:13:23.621,54.622,ConnectionTimeout,image2.png
29,Shutdown,2024-04-26 00:06:03.000,2024-04-26 00:06:23.378,20.378,ResourceUnavailable,
29,EndOfCycle,2024-07-28 22:27:30.000,2024-07-28 22:27:40.683,10.684,DiskFull,
29,FullCycle,2024-01-02 23:30:09.000,2024-01-02 23:30:54.843,45.843,PermissionDenied,image3.png
29,Maintenance,2024-08-14 10:34:28.000,2024-08-14 10:34:46.997,18.998,ResourceUnavailable,image1.png
30,Initialize,2024-05-20 23:30:04.000,2024-05-20 23:30:41.485,37.486,ResourceUnavailable,image2.png
30,EndOfCycle,2024-03-07 20:54:15.000,2024-03-07 20:55:08.232,53.232,PermissionDenied,image3.png
30,Initialize,2024-04-06 02:48:11.000,2024-04-06 02:48:24.535,13.536,InvalidInput,image2.png
30,ErrorHandling,2024-02-08 22:16:31.000,2024-02-08 22:16:50.256,19.257,OutOfMemory,image2.png
30,CheckStatus,2024-08-31 19:55:22.000,2024-08-31 19:55:42.764,20.764,ConnectionTimeout,image3.png
30,Shutdown,2024-12-25 16:21:42.000,2024-12-25 16:22:14.812,32.812,OutOfMemory,image2.png
30,ErrorHandling,2024-04-11 03:51:19.000,2024-04-11 03:52:14.069,55.07,NetworkError,image3.png
30,Initialize,2024-11-08 10:41:53.000,2024-11-08 10:42:30.465,37.466,DiskFull,
30,EndOfCycle,2024-09-20 02:24:02.000,2024-09-20 02:24:19.928,17.929,ConnectionTimeout,
30,Shutdown,2024-03-29 23:21:30.000,2024-03-29 23:21:58.268,28.268,PermissionDenied,image3.png
30,FullCycle,2024-10-15 04:33:00.000,2024-10-15 04:33:30.020,30.021,ConnectionTimeout,
30,CheckStatus,2024-12-21 09:54:12.000,2024-12-21 09:54:36.937,24.937,FileNotFound,image2.png
30,Initialize,2024-06-01 10:00:43.000,2024-06-01 10:01:00.860,17.86,ConnectionTimeout,image2.png
30,EndOfCycle,2024-11-29 17:45:20.000,2024-11-29 17:45:55.834,35.835,InvalidInput,image3.png
30,Initialize,2024-02-27 01:50:01.000,2024-02-27 01:50:59.493,58.494,NetworkError,image3.png
30,EndOfCycle,2024-07-26 10:36:25.000,2024-07-26 10:37:16.637,51.637,OutOfMemory,
30,FullCycle,2024-06-15 16:43:02.000,2024-06-15 16:43:05.165,3.166,FileNotFound,image1.png
30,IsReady,2024-01-13 12:04:42.000,2024-01-13 12:04:47.095,5.095,NetworkError,
30,CheckStatus,2024-09-04 05:13:37.000,2024-09-04 05:14:05.110,28.11,NullPointerException,image1.png
30,Restart,2024-01-10 16:11:19.000,2024-01-10 16:11:42.752,23.752,NetworkError,
30,EndOfCycle,2024-02-13 19:21:05.000,2024-02-13 19:21:44.601,39.601,NetworkError,image1.png
30,Shutdown,2024-10-30 03:13:08.000,2024-10-30 03:13:37.927,29.928,FileNotFound,image1.png
30,FullCycle,2024-09-11 02:50:37.000,2024-09-11 02:51:08.591,31.592,InvalidInput,
30,ErrorHandling,2024-02-20 12:22:05.000,2024-02-20 12:22:45.865,40.866,NullPointerException,image1.png
30,StartOfCycle,2024-02-09 00:34:40.000,2024-02-09 00:34:40.915,0.915,NullPointerException,image2.png
30,EndOfCycle,2024-03-23 02:21:50.000,2024-03-23 02:22:00.335,10.336,ConnectionTimeout,image3.png
30,IsReady,2024-11-23 13:23:08.000,2024-11-23 13:23:18.210,10.21,DiskFull,image1.png
30,EndOfCycle,2024-12-18 11:30:56.000,2024-12-18 11:31:02.031,6.032,InvalidInput,image1.png
30,StartOfCycle,2024-02-17 23:01:22.000,2024-02-17 23:02:01.848,39.848,ConnectionTimeout,image2.png
30,Restart,2024-06-15 11:34:45.000,2024-06-15 11:35:28.512,43.513,NetworkError,image2.png
30,StartOfCycle,2024-01-02 17:29:58.000,2024-01-02 17:30:16.777,18.778,NetworkError,image1.png
30,Shutdown,2024-11-06 10:13:32.000,2024-11-06 10:14:06.620,34.62,ConnectionTimeout,
30,IsReady,2024-04-06 12:43:57.000,2024-04-06 12:44:36.053,39.053,PermissionDenied,
